date_key,date,time_key,product_key,store_key,customer_key,channel_key,promotion_key,currency_key,employee_key,location_code,order_id,receipt_number,line_number,transaction_id,qty,list_price,discount_amt,tax_amt,shipping_amt,unit_cost,cogs_amt,net_sales_amt,gross_margin_amt
20210104,1/4/2021,198436,7,12,19,4,7,1,6,AHM_GJ_380001,ORD05OVP,RCPT8CMQT,5,TXNTDZ9PJS,17.68,981.11,26.01,80.53,23.7,226.95,4012.48,17424.24,13411.76
20210201,2/1/2021,51067,17,19,27,1,2,3,24,DC_FAR_HR_121001,ORDWYZDY,RCPTNJR1Q,3,TXN9H13TB3,3.87,713.75,44.77,57.47,25.26,334.79,1295.64,2800.17,1504.53
20210206,2/6/2021,38046,12,6,41,2,8,2,1,DEL_DL_110001,ORDN77PA,RCPTQUFT3,1,TXN4Q5PTO7,9.55,239.29,49.41,9.5,2.33,471.39,4501.77,2247.64,-2254.13
20210314,3/14/2021,71439,41,18,78,1,10,4,24,JAI_RJ_302001,ORDVB8U6,RCPTRF8TH,5,TXN22MRSA6,8.59,778.1,20.92,66.73,11.79,123.18,1058.12,6741.48,5683.36
20210315,3/15/2021,226582,37,7,6,1,10,4,6,BHO_MP_462001,ORDOPT31,RCPTRCP6B,2,TXN5CQR6DD,16.02,487.42,10.5,17.94,18.98,113.76,1822.44,7834.89,6012.45
20210329,3/29/2021,190709,38,4,90,3,7,2,12,COI_TN_641001,ORDXQLPZ,RCPT2OBUR,5,TXNZ6L7N5K,14.09,279.06,16.2,40.71,4.82,435.23,6132.39,3961.29,-2171.1
20210410,4/10/2021,132041,46,9,70,2,8,3,15,COI_TN_641001,ORD43AXQ,RCPTPXYA7,3,TXN3LEB2II,10.72,634.17,15.13,34.8,28.87,72.87,781.17,6846.84,6065.67
20210501,5/1/2021,109134,17,11,53,2,2,1,27,BHO_MP_462001,ORD7KGXW,RCPTW1Y19,2,TXNERCXSB6,18.47,302.32,1.63,68.38,14.18,198.07,3658.35,5664.78,2006.43
20210508,5/8/2021,135866,8,7,38,1,9,4,14,JAI_RJ_302001,ORD8TJYL,RCPTVPZJ7,4,TXN1JPR5V6,15.97,279.76,4.9,88.15,3.7,59.03,942.71,4554.72,3612.01
20210508,5/8/2021,181751,29,6,32,3,10,4,2,COI_TN_641001,ORDPE78J,RCPTOPT0Z,2,TXNSGHISRW,13.1,118.25,24.45,93.3,6,418.53,5482.74,1623.92,-3858.82
20210523,5/23/2021,23535,38,8,32,3,8,4,17,JAI_RJ_302001,ORDT2253,RCPT4J3L8,2,TXNFEB9E4T,19.95,704.29,12.04,31.47,1.65,420.69,8392.77,14071.67,5678.9
20210616,6/16/2021,176967,18,19,3,3,2,5,29,PUN_MH_411001,ORDT8YXY,RCPT6GIRU,3,TXNZX9Q705,6.98,371.75,17.92,34.83,12.8,450.29,3143.02,2624.53,-518.49
20210617,6/17/2021,153952,20,16,26,4,3,2,24,BHO_MP_462001,ORDK8WAS,RCPT4SMV4,3,TXNDOD7G8U,7.79,169.54,42.69,14.21,12.51,75.69,589.63,1304.75,715.12
20210701,7/1/2021,63960,10,11,32,3,2,2,27,NAG_MH_440001,ORDSCN0V,RCPT8JBZM,4,TXNLH7XG9Q,17.76,115.42,41.88,9.44,11.88,246.89,4384.77,2029.3,-2355.47
20210725,7/25/2021,90228,10,1,15,3,8,3,27,CHN_TN_600001,ORDDMLRN,RCPT1FKHG,4,TXNN5XZ8KS,14.57,177.5,14.63,7.64,1.83,252.6,3680.38,2581.01,-1099.37
20210727,7/27/2021,126987,20,12,23,3,5,4,29,JAI_RJ_302001,ORD0ZWT6,RCPT1O2N6,2,TXN5K9DVWT,11.72,143.55,0.71,19.08,6.53,366.76,4298.43,1707.31,-2591.12
20210730,7/30/2021,89755,29,2,77,4,3,2,4,DC_BHI_MH_400615,ORDY6ZCX,RCPTRRXUV,4,TXN9X6LUL3,18.11,964.98,24.92,81.52,10.12,282.82,5121.87,17542.51,12420.64
20210730,7/30/2021,64579,16,5,78,2,2,1,6,BLR_KA_560001,ORDFAG6N,RCPTHZ39Z,1,TXN69ELX9C,15.76,173.49,4.13,86.45,19.49,484.49,7635.56,2836.01,-4799.55
20210828,8/28/2021,227119,15,16,24,1,8,4,22,PUN_MH_411001,ORDBVUD7,RCPTH7HK6,3,TXN96X8FC8,10.57,556.89,16.43,89.61,22.36,66.66,704.6,5981.87,5277.27
20210904,9/4/2021,63913,36,10,77,1,7,3,4,LKO_UP_226001,ORD18G9E,RCPT0Y7ZK,1,TXNBUOI90I,12.36,240.9,4.67,24.45,4.69,339.76,4199.43,3001.99,-1197.44
20210905,9/5/2021,81841,1,1,19,2,6,5,7,KOL_WB_700001,ORDDZFDJ,RCPTNNXIT,1,TXNO1Z3VXB,13.13,509.83,40.97,84.74,25.85,276.75,3633.73,6763.69,3129.96
20211016,10/16/2021,137707,7,1,34,2,9,2,24,AHM_GJ_380001,ORDJOM40,RCPTPQ6U9,2,TXNTEJLHU6,10.15,402.38,38.03,43.97,19.62,466.66,4736.6,4109.72,-626.88
20211126,11/26/2021,181336,49,19,62,1,8,1,14,MUM_MH_400001,ORDCM5ZT,RCPTWDR74,4,TXNQD3LKEK,7.71,129.38,5.34,5.94,16.87,301.46,2324.26,1014.99,-1309.27
20211129,11/29/2021,32149,39,19,94,2,8,1,26,HYD_TS_500001,ORDMGN4E,RCPT6W8U7,1,TXN1W0Z87G,14.84,276.78,47.85,49.63,11.73,347.87,5162.39,4120.93,-1041.46
20211230,12/30/2021,126614,33,18,98,4,7,4,17,NAG_MH_440001,ORDNAO9A,RCPT0NHZK,3,TXN48KGZGR,10.66,782,33.37,36.83,3.22,152.48,1625.44,8342.8,6717.36
20220102,1/2/2022,23058,35,3,79,1,7,3,7,IND_MP_452001,ORD9SQMU,RCPT2EHVX,3,TXNEYMVE11,18.79,258.12,37.74,30.08,23.43,294.57,5534.97,4865.84,-669.13
20220106,1/6/2022,167989,20,17,28,3,8,5,6,MUM_MH_400001,ORDFF4X6,RCPTT15IL,4,TXNE906UBL,13.81,412.54,44.2,77.78,24.25,186.99,2582.33,5755.01,3172.68
20220108,1/8/2022,55564,13,1,36,3,8,1,26,JAI_RJ_302001,ORD9HVU9,RCPTIUSOG,5,TXN9TBVNVU,7.84,311.34,9.9,58.33,22.07,187.85,1472.74,2511.41,1038.67
20220109,1/9/2022,36843,43,19,28,1,9,5,12,BLR_KA_560001,ORD45HKK,RCPTVY4XQ,5,TXNCRWQMV7,1.04,271.75,14.58,88.84,29.79,334.62,348,386.67,38.67
20220116,1/16/2022,122711,33,7,96,4,8,3,29,DC_BHI_MH_400615,ORD6RCLN,RCPT60K0L,3,TXNKPY20TQ,5.89,631.61,44.97,35.08,14.47,361.98,2132.06,3724.76,1592.7
20220126,1/26/2022,47309,47,4,14,3,9,4,6,KOL_WB_700001,ORDGWN41,RCPT5645Y,2,TXNEYWJR3B,7.53,469.79,3.96,79.99,27.32,485.81,3658.15,3640.87,-17.28
20220201,2/1/2022,219393,12,16,22,4,7,4,4,DC_FAR_HR_121001,ORDC87LO,RCPTEM0Q5,5,TXNZQXIK30,7.49,870.89,27.06,34.96,10.25,495.4,3710.55,6541.12,2830.57
20220228,2/28/2022,28518,30,9,89,2,6,3,4,COI_TN_641001,ORDBF73M,RCPTFVVDF,4,TXNG4P4M36,13.27,104.36,41.48,70.76,11.39,69.81,926.38,1425.53,499.15
20220310,3/10/2022,149890,2,4,14,3,4,3,26,GUW_AS_781001,ORDUNXVL,RCPTIE8KL,1,TXNZR6RB3A,18.46,608.48,14.86,85.7,20.57,452.79,8358.5,11323.95,2965.45
20220319,3/19/2022,224755,16,5,73,4,2,4,6,NAG_MH_440001,ORD8SX5D,RCPTQS0EU,3,TXNUXA4SJE,16.7,607.99,45.58,10.53,10.86,439.89,7346.16,10129.24,2783.08
20220327,3/27/2022,228209,35,13,34,4,1,5,26,JAI_RJ_302001,ORDKTJIO,RCPTYMO5O,3,TXNS08ZUF6,16.8,464.17,49.86,24.88,8.55,283.93,4770.02,7781.63,3011.61
20220330,3/30/2022,139219,33,20,47,3,9,2,19,IND_MP_452001,ORDT6CNI,RCPTNZW3C,5,TXN7XBY28C,10.11,486.76,47.77,94.48,19.66,379.18,3833.51,4987.51,1154
20220404,4/4/2022,113306,11,12,40,4,6,3,2,IND_MP_452001,ORDPTQ56,RCPTG686F,5,TXNTMRFYF4,1.36,719.85,45.21,7.35,25.78,242.58,329.91,966.92,637.01
20220408,4/8/2022,167136,44,16,75,3,8,5,9,IND_MP_452001,ORDC5GE5,RCPT8R7IZ,2,TXNC0LG4EW,19.21,106.79,36.47,52.3,14.37,160.14,3076.29,2081.64,-994.65
20220414,4/14/2022,62689,2,20,34,2,1,4,11,PUN_MH_411001,ORD23PLV,RCPTZXS0T,3,TXN2W9QYAG,7.46,740.51,49.05,74.7,10.24,380.61,2839.35,5560.09,2720.74
20220419,4/19/2022,204853,25,9,95,2,2,4,15,GUW_AS_781001,ORDZ4SQB,RCPTAEUEE,2,TXNYCW5BVE,5.47,563.06,1.67,48.68,10.35,269.65,1474.99,3137.3,1662.31
20220419,4/19/2022,141703,46,13,80,2,6,1,27,DC_SRI_AP_517501,ORDADI4K,RCPTH5KXE,1,TXNC0JP0EO,2.06,297.07,47.51,47.2,0.62,439.67,905.72,612.27,-293.45
20220420,4/20/2022,96967,47,17,97,2,7,1,5,VIS_AP_530001,ORDXU5BR,RCPTN9LBJ,1,TXNK4KCI7I,11.97,790.35,5.58,64.28,22.08,73.33,877.76,9541.27,8663.51
20220427,4/27/2022,118669,17,19,78,4,10,4,7,HYD_TS_500001,ORDANLUJ,RCPTK9HUP,3,TXNN11GABM,14.63,192.93,19.77,84.05,14.44,59.32,867.85,2901.29,2033.44
20220507,5/7/2022,165006,50,2,32,1,9,4,30,AHM_GJ_380001,ORDUL78G,RCPTH7ZI7,3,TXNYQJQLZ6,9.97,614.11,20.22,52.54,11.33,455.84,4544.72,6166.33,1621.61
20220508,5/8/2022,34321,4,4,99,2,4,3,11,IND_MP_452001,ORD1Z9JQ,RCPT3RVSD,1,TXN9N3JBGZ,2.52,710.13,8.93,75.22,25.11,459.75,1158.57,1880.93,722.36
20220513,5/13/2022,19538,5,16,38,3,8,5,2,PUN_MH_411001,ORDVTCU6,RCPTNZA2E,1,TXNOTSKOKA,7.3,347.64,46.59,87.63,16.2,201.59,1471.61,2595.01,1123.4
20220513,5/13/2022,49388,5,2,79,3,2,1,14,IND_MP_452001,ORDRCJJR,RCPT1W21V,2,TXNAUVLIX1,19.71,957.13,0.72,75.2,0.03,364.97,7193.56,18939.54,11745.98
20220607,6/7/2022,41730,38,7,32,1,9,4,24,KOL_WB_700001,ORDD9KSM,RCPTZWC62,5,TXNJX2KYCN,12.01,222.18,45.18,25.25,15.39,138.6,1664.59,2663.84,999.25
20220616,6/16/2022,66726,42,10,65,1,3,3,24,DC_FAR_HR_121001,ORDYCUET,RCPT1EFRI,5,TXNJ3PQB80,11.38,195.42,36.24,57.64,21.61,389.73,4435.13,2266.89,-2168.24
20220629,6/29/2022,74081,50,18,58,4,4,2,17,BLR_KA_560001,ORDL2PH1,RCPTUU85Y,1,TXN79HLNGF,6.31,508.05,23.76,9.77,9.74,441.34,2784.86,3201.55,416.69
20220706,7/6/2022,93989,9,18,94,2,6,4,30,DEL_DL_110001,ORD9KY2V,RCPTAJ9XN,1,TXNDEA43DL,1.64,448.42,11.27,86.43,14.35,366.46,600.99,824.92,223.93
20220719,7/19/2022,96397,46,15,29,4,4,5,2,DC_BHI_MH_400615,ORDOD0XS,RCPTLMFNM,5,TXN7R6ZI7Q,14.15,722.82,35.43,58.67,16.73,50.21,710.47,10267.87,9557.4
20220729,7/29/2022,17305,5,17,7,3,7,1,28,HYD_TS_500001,ORDSTQ0W,RCPTJ829Q,3,TXNUK1I4FV,18.17,213.21,35.65,86.16,25.96,256.04,4652.25,3950.5,-701.75
20220729,7/29/2022,121505,18,7,4,3,9,4,8,GUW_AS_781001,ORDWISQJ,RCPTICFJU,2,TXN071QLDK,18.3,708.06,1.04,98.02,1.63,144.01,2635.38,13056.11,10420.73
20220812,8/12/2022,213754,3,6,45,3,7,2,4,DC_BHI_MH_400615,ORDV4VIA,RCPTVVVEV,1,TXNO919R34,14.58,953.31,43.26,60.59,12.44,326.02,4753.37,13929.03,9175.66
20220918,9/18/2022,124092,50,14,64,2,6,4,14,PUN_MH_411001,ORDWV4EO,RCPTKP91V,4,TXNGG1YOPL,2.51,266.64,39.45,90.31,23.46,162.31,407.4,743.59,336.19
20220918,9/18/2022,149687,36,16,11,3,3,5,15,MUM_MH_400001,ORD54OIY,RCPTW5QHT,2,TXNVY0X7GW,17.14,405.03,40.79,30.87,11.14,314.55,5391.39,6943.43,1552.04
20220922,9/22/2022,191766,30,3,86,1,4,5,19,KOL_WB_700001,ORD89EX2,RCPTNU056,2,TXNMGV9RIE,12.35,503.04,48.76,85.15,29.38,489.04,6039.64,6278.31,238.67
20221008,10/8/2022,128025,26,15,96,3,5,5,28,HYD_TS_500001,ORD96JGF,RCPTFYH24,1,TXNSFQVXRJ,16.95,921.28,39.64,28.49,28.11,91.32,1547.87,15632.66,14084.79
20221015,10/15/2022,154248,32,7,1,4,8,3,3,DC_FAR_HR_121001,ORD1HAGE,RCPT0ZC9J,5,TXNS9VBTSZ,19.88,202.14,48.05,95.69,4.26,273.76,5442.35,4070.44,-1371.91
20221019,10/19/2022,9817,40,18,3,1,5,5,14,VIS_AP_530001,ORDCK9WR,RCPT3L18R,3,TXNYR0LZ5I,8.77,766.41,44.86,38.04,4.38,168.5,1477.74,6718.98,5241.24
20221101,11/1/2022,157389,45,3,94,4,5,1,25,NAG_MH_440001,ORDZKNNV,RCPTCK29M,5,TXNA6KYBZ9,7.34,127.76,21.78,22.55,22.73,175.83,1290.59,961.26,-329.33
20221116,11/16/2022,11195,3,4,39,1,7,2,29,BLR_KA_560001,ORDPTDV1,RCPT89RHV,3,TXNHQGSJ2A,13.35,561.23,40.8,18.34,0.59,201.56,2690.83,7470.55,4779.72
20221126,11/26/2022,206501,14,15,29,4,5,5,8,BHO_MP_462001,ORDG4LSR,RCPTLSH3Y,5,TXN0TODQNJ,1.64,276.75,35.71,5.81,29.63,494.5,810.98,453.6,-357.38
20221129,11/29/2022,125597,6,11,2,2,8,4,18,HYD_TS_500001,ORDPWGZQ,RCPTGLXTL,4,TXN5I2BMBC,10.48,115.91,26.36,94.47,15.15,369.38,3871.1,1298,-2573.1
20221201,12/1/2022,179823,50,6,26,3,7,3,8,PUN_MH_411001,ORDWIZKM,RCPTORSJK,3,TXNQR2N27D,9.38,398.65,31.67,17.95,19.07,384.75,3608.96,3744.69,135.73
20221206,12/6/2022,65171,15,15,9,4,3,5,11,DC_FAR_HR_121001,ORDFAX0M,RCPT28VC7,1,TXNL2AR99A,5.28,967.64,13.98,23.89,18.58,478.24,2525.11,5137.63,2612.52
20221215,12/15/2022,127742,49,14,68,1,5,4,26,MUM_MH_400001,ORD7TYWK,RCPTH5PTY,1,TXNVSGUK2H,13.84,117.25,3.26,13.15,25.13,130.39,1804.6,1657.76,-146.84
20221218,12/18/2022,111110,45,20,25,2,7,2,5,JAI_RJ_302001,ORDFVS0O,RCPTIJMN0,4,TXNNZPKVRX,6.09,399.9,26.49,67.25,28.4,445.38,2712.36,2504.55,-207.81
20221219,12/19/2022,228524,14,13,66,4,2,4,5,LKO_UP_226001,ORDIZ0WP,RCPT67FMO,5,TXNJC0GDXA,14.08,534.45,42.61,49.33,23.39,406.04,5717.04,7555.17,1838.13
20221219,12/19/2022,85857,37,8,32,3,9,4,6,COI_TN_641001,ORDSVGUV,RCPT6CTRP,1,TXN7ZWQ15D,13.92,567.28,47.84,85.94,20.11,425.93,5928.95,7954.75,2025.8
20221220,12/20/2022,130052,13,13,1,4,6,4,1,DEL_DL_110001,ORD1MHHG,RCPTPKXMC,3,TXNQX9NGH3,19.2,123.52,23.82,55.65,12.5,336.48,6460.42,2415.91,-4044.51
20221225,12/25/2022,205551,4,11,9,2,4,1,18,JAI_RJ_302001,ORDU6I6U,RCPTMGQXP,1,TXNVC9FX05,8.59,323.96,28.33,64.56,0.66,114.49,983.47,2819.71,1836.24
20221225,12/25/2022,430,3,3,9,3,4,1,3,LKO_UP_226001,ORDYQG0N,RCPTT9Y4T,4,TXNOW9VZMY,10.51,982.87,37.98,6.27,2.49,113.58,1193.73,10300.74,9107.01
20230101,1/1/2023,35751,46,15,75,3,3,4,8,HYD_TS_500001,ORDH4SMB,RCPT1IJJ9,1,TXNDK48XS5,14.15,768.79,41.04,17.28,28.68,425.71,6023.8,10883.3,4859.5
20230104,1/4/2023,71406,16,9,97,4,3,2,7,JAI_RJ_302001,ORD563U5,RCPTEQ5SM,1,TXNTTNPSMF,4.01,466.16,13.37,97.28,20.01,417.23,1673.09,1973.22,300.13
20230124,1/24/2023,128193,40,11,70,2,4,2,5,KOL_WB_700001,ORDX83XA,RCPT93IGT,3,TXNX86YP9G,7.61,199.91,46.12,77.61,24.81,142.72,1086.1,1577.62,491.52
20230127,1/27/2023,126679,44,3,4,1,3,2,7,LKO_UP_226001,ORD0G7MU,RCPT2304F,3,TXNRI74LKE,2.86,170.8,1.67,47.03,3.58,158.92,454.51,537.43,82.92
20230201,2/1/2023,514,9,10,100,2,6,3,13,AHM_GJ_380001,ORD1V2ZZ,RCPT4DW83,2,TXNKS5E6ES,14.92,663.88,23.13,25.38,9.44,79.34,1183.75,9916.78,8733.03
20230201,2/1/2023,43513,11,6,77,2,10,2,16,HYD_TS_500001,ORDI8OK8,RCPT6CD8T,4,TXNDMB7UC5,11.5,546.93,33.32,24.05,9.73,50.82,584.43,6290.15,5705.72
20230205,2/5/2023,31671,31,5,58,3,7,4,3,HYD_TS_500001,ORDMW09Q,RCPT1IJX3,4,TXNW2QDW2K,19.3,844.52,18.82,51.12,7.89,307.38,5932.43,16339.43,10407
20230223,2/23/2023,213665,8,13,74,2,5,3,1,NAG_MH_440001,ORDREZXM,RCPTV8ZVH,2,TXNEIWNR5S,2.24,131.12,0.22,76.21,15.51,210.01,470.42,385.21,-85.21
20230226,2/26/2023,18845,35,1,8,2,7,4,18,DC_FAR_HR_121001,ORDV90VS,RCPTVKU7I,3,TXNXBQK976,12.5,842.82,20.36,64.81,24,105.77,1322.12,10603.7,9281.58
20230228,2/28/2023,68507,19,7,42,1,3,5,15,MUM_MH_400001,ORD0O4AI,RCPT8IKVC,3,TXN5RFDQ4J,7.29,399.78,41.39,35.39,23.67,302.43,2204.71,2932.07,727.36
20230301,3/1/2023,214110,34,18,39,3,6,3,27,IND_MP_452001,ORDXSSNT,RCPTTHNCD,1,TXNGX1XOWO,12.79,479.09,31.62,24.29,29.17,240.14,3071.39,6149.4,3078.01
20230307,3/7/2023,149242,45,16,82,2,8,3,23,GUW_AS_781001,ORDJXK3W,RCPT5M76T,1,TXNC1HEEH3,1.79,230.27,10.39,41.68,19.94,304.61,545.25,463.41,-81.84
20230310,3/10/2023,272,18,3,23,2,9,2,24,COI_TN_641001,ORDHEBYO,RCPT52AIJ,5,TXN2HMVN1P,9.68,683.25,9.11,65.78,29.45,446.69,4323.96,6699.98,2376.02
20230319,3/19/2023,167322,9,6,96,2,7,2,24,LKO_UP_226001,ORD2CORR,RCPTVBF5N,2,TXN8AU088Z,8.34,621.53,38.53,68.91,6.21,435.36,3630.9,5220.15,1589.25
20230322,3/22/2023,36105,43,13,96,1,6,1,21,GUW_AS_781001,ORDEGQRD,RCPT48Y2N,2,TXNCOGGVEX,4,314.64,18.11,7.06,9.42,475.24,1900.96,1256.93,-644.03
20230325,3/25/2023,94543,43,14,56,4,3,3,14,BHO_MP_462001,ORDT26YA,RCPTGDJCR,3,TXN0BV276N,14.75,312.58,0.34,88.45,23.27,252.09,3718.33,4721.93,1003.6
20230411,4/11/2023,130031,43,15,45,3,8,3,9,COI_TN_641001,ORD24F7C,RCPT79H3D,1,TXNA1PK2GX,15.35,952.84,0.06,53.59,15.62,250.04,3838.11,14695.24,10857.13
20230412,4/12/2023,188583,20,8,55,4,4,2,25,GUW_AS_781001,ORDM87X1,RCPT5GDB4,2,TXN8PEHYTX,18.07,762.33,48.23,39.11,12.02,397.58,7184.27,13778.2,6593.93
20230420,4/20/2023,167623,2,6,41,3,1,3,2,AHM_GJ_380001,ORD5XMTF,RCPT79U8K,3,TXN7X6Y7OE,1.58,403.65,11.51,36.77,6.38,70.87,111.97,669.41,557.44
20230424,4/24/2023,85645,6,19,47,3,6,4,22,CHN_TN_600001,ORDCVLI8,RCPTCD3NA,4,TXN6GVA7B6,3.5,353.65,16.04,10.19,28.98,142.09,497.31,1260.9,763.59
20230429,4/29/2023,151534,12,16,100,2,6,2,6,VIS_AP_530001,ORDI7K7X,RCPTAYTAU,5,TXN7BYGLLW,13.22,181.83,5.97,73.49,25.25,139.05,1838.24,2496.56,658.32
20230504,5/4/2023,22755,3,9,45,2,6,3,15,BLR_KA_560001,ORD6JD6J,RCPTBJQK2,1,TXNOELBMUH,3.47,294.59,13.91,83.38,19.08,135.59,470.5,1110.78,640.28
20230506,5/6/2023,196640,19,8,44,3,1,5,13,KOL_WB_700001,ORDY2MKO,RCPTO55QK,3,TXNBPK4Y95,5.51,818.31,34.13,5.19,17.7,106.32,585.82,4497.65,3911.83
20230507,5/7/2023,85355,44,7,27,3,4,4,4,DC_SRI_AP_517501,ORDSKA7O,RCPTZVKM2,5,TXNPOVC76B,13.71,900.74,6.99,8.54,25.66,249.5,3420.65,12376.36,8955.71
20230509,5/9/2023,133548,42,18,3,4,1,1,9,IND_MP_452001,ORDV97JI,RCPTS7DI6,4,TXNJL3IMDO,5.09,591.75,8.58,46.21,6.89,372.76,1897.35,3056.53,1159.18
20230511,5/11/2023,218337,33,4,16,2,4,3,28,AHM_GJ_380001,ORDWUT3J,RCPTDOWCM,4,TXN1EP0V1F,13.43,987.49,18.32,18.66,13.26,216.61,2909.07,13275.59,10366.52
20230525,5/25/2023,205918,38,14,93,2,5,5,24,KOL_WB_700001,ORDHHT3Z,RCPTFB045,4,TXNNAI9B67,11.68,479.44,42.59,95.3,7.55,492.96,5757.77,5660.12,-97.65
20230529,5/29/2023,183390,22,17,97,4,2,5,1,MUM_MH_400001,ORDRPF4Q,RCPTQHLA3,1,TXNC6W4YTW,11,385.51,3.88,9.76,26.39,233.47,2568.17,4272.88,1704.71
20230529,5/29/2023,148880,3,2,51,2,9,5,2,DEL_DL_110001,ORDO1O1L,RCPTN489A,4,TXNVH5ZRHO,15.54,656.19,17.97,75.1,20.69,365.12,5673.96,10275.01,4601.05
20230605,6/5/2023,39503,36,8,33,1,5,4,3,MUM_MH_400001,ORDRQ28T,RCPT7A7EW,3,TXNLCWQ0RV,6.94,176.14,0.51,17.43,5.17,207.62,1440.88,1244.5,-196.38
20230607,6/7/2023,90033,6,1,64,2,8,3,11,DEL_DL_110001,ORDEVO3N,RCPTBAB4Q,5,TXNB2LD2R5,4.41,190.34,30.36,92.17,26.53,369.61,1629.98,927.74,-702.24
20230608,6/8/2023,37732,20,13,23,2,1,2,17,DC_BHI_MH_400615,ORDVEKY9,RCPTV3E1K,1,TXNWYYBXWZ,6.51,438.62,14.06,93.86,2.52,227.73,1482.52,2937.74,1455.22
20230610,6/10/2023,56216,43,11,25,3,3,2,18,NAG_MH_440001,ORD77XXD,RCPT5JYE3,2,TXNYHEQ4M1,18.68,959.97,0.44,84.22,14.37,396.64,7409.24,18030.39,10621.15
20230614,6/14/2023,196429,22,8,8,2,5,1,22,DC_FAR_HR_121001,ORDBHBT4,RCPT48WRW,1,TXNNEWC123,4.16,204.88,15.33,18.94,2.84,379.88,1580.3,858.75,-721.55
20230622,6/22/2023,63381,50,8,78,4,6,1,3,MUM_MH_400001,ORDH28MU,RCPTWE5SG,1,TXNVML487M,14.23,495.81,33.09,58.64,12.19,284.6,4049.86,7093.12,3043.26
20230623,6/23/2023,76907,38,11,25,4,2,2,12,DC_FAR_HR_121001,ORDIJB5S,RCPTJOBPH,3,TXN0TOTUPS,4.09,341.9,27.46,38.94,22.05,165.05,675.05,1431.9,756.85
20230627,6/27/2023,20515,27,15,20,2,1,5,14,PUN_MH_411001,ORDJ9U41,RCPT8YMG9,5,TXNMCPX1RC,14.9,504.93,46.38,74.64,21.58,288.69,4301.48,7573.3,3271.82
20230628,6/28/2023,62080,37,19,80,2,3,3,10,AHM_GJ_380001,ORD0JI1X,RCPT3AW52,5,TXNDPSUHFD,5.89,211.26,24.56,26.04,14.8,240.28,1415.25,1260.6,-154.65
20230708,7/8/2023,86330,2,16,59,4,5,1,3,GUW_AS_781001,ORDOJ3GE,RCPTY3ISU,5,TXN6M4OFHX,1.48,684.21,11.65,73.64,2.09,430.09,636.53,1076.71,440.18
20230709,7/9/2023,197696,13,6,57,4,5,2,9,HYD_TS_500001,ORD6BBKA,RCPT092Y9,1,TXN040DHMN,14.4,323.93,29.75,53.83,20.46,374.11,5387.18,4709.13,-678.05
20230717,7/17/2023,212580,11,10,31,3,4,4,26,JAI_RJ_302001,ORD2FUFT,RCPTMFSXY,5,TXN029JTQA,19.28,303.3,30.1,72.9,22.39,87.63,1689.51,5912.81,4223.3
20230729,7/29/2023,141273,32,4,63,4,5,4,27,CHN_TN_600001,ORDTKP2M,RCPTVYVHA,2,TXN5KB2R0Q,1.41,217.41,11.23,56.38,18.69,118.06,166.46,370.39,203.93
20230730,7/30/2023,134494,35,18,88,2,4,2,26,AHM_GJ_380001,ORD7AHX2,RCPTEWZCX,4,TXNTUH8I7H,13.7,463.4,30.56,69.51,7.64,299.23,4099.45,6395.17,2295.72
20230802,8/2/2023,141620,35,15,24,4,6,3,14,DEL_DL_110001,ORDCT5OT,RCPTQAZ9Y,4,TXNJQUDADA,13.51,482.43,39.02,9.89,17.92,276.94,3741.46,6506.42,2764.96
20230807,8/7/2023,152617,13,10,4,1,4,2,6,MUM_MH_400001,ORD9964P,RCPTAR6HR,1,TXNN7LBW81,15.55,775.91,21.43,40.76,11.62,339.17,5274.09,12096.35,6822.26
20230809,8/9/2023,178277,5,7,15,4,6,4,10,JAI_RJ_302001,ORD5IU2C,RCPTT02V9,1,TXN513H7EE,15.15,834.83,10.91,42.54,17.84,136.84,2073.13,12697.14,10624.01
20230814,8/14/2023,171142,4,19,15,3,1,1,21,DC_SRI_AP_517501,ORD94RGQ,RCPTTVWW9,5,TXNPX8TY04,13.78,772.11,38.22,6.6,1.25,336.82,4641.38,10609.31,5967.93
20230816,8/16/2023,53365,46,2,76,4,4,4,18,IND_MP_452001,ORDJMG0O,RCPTXBG19,2,TXN0UG5RRW,14.07,293.49,21.1,77.09,11.94,417.58,5875.35,4197.33,-1678.02
20230816,8/16/2023,49854,27,20,38,3,8,3,6,DEL_DL_110001,ORDTV1WX,RCPTTNAOG,2,TXNXW042JE,6.81,209.53,6.38,16.61,2.24,191.95,1307.18,1439.37,132.19
20230821,8/21/2023,130128,35,3,29,4,10,5,10,KOL_WB_700001,ORDSKGG9,RCPTYC5YU,2,TXNI2CZFVZ,16.98,629.94,17.99,83.87,9.54,301.81,5124.73,10771.8,5647.07
20230823,8/23/2023,6324,23,20,54,4,1,5,18,JAI_RJ_302001,ORD98IN0,RCPT2TCB4,3,TXN06PTA5L,5.03,703.66,49.62,49.91,17.73,352,1770.56,3557.43,1786.87
20230908,9/8/2023,147302,15,7,31,4,5,4,15,DC_SRI_AP_517501,ORDQTL07,RCPTF00JT,4,TXN74LQM6X,18.61,573.67,14.59,20.86,14.13,99.76,1856.53,10696.4,8839.87
20230926,9/26/2023,155448,39,9,43,1,1,5,22,CHN_TN_600001,ORDZAD7M,RCPT18Q2L,1,TXNCOBHWKJ,3.05,531.84,10.76,24.49,19.23,455.98,1390.74,1655.07,264.33
20231005,10/5/2023,178953,41,20,14,3,8,3,21,BHO_MP_462001,ORDVGG90,RCPT4AI63,3,TXN31KZ8VJ,18.57,739.89,33.98,51.43,20.81,240.41,4464.41,13778.02,9313.61
20231006,10/6/2023,232182,5,3,70,4,5,5,14,DC_FAR_HR_121001,ORD3I415,RCPTHJTBX,3,TXNWJ8BOEI,3.42,625.57,6.91,13.79,2.44,396.55,1356.2,2148.77,792.57
20231007,10/7/2023,55633,44,7,96,4,8,5,21,DC_SRI_AP_517501,ORDVJ2DV,RCPT390IU,2,TXNR6JNQ3Q,18.66,610.79,21.21,72.64,3.67,121,2257.86,11452.44,9194.58
20231014,10/14/2023,57985,44,1,68,3,8,2,9,AHM_GJ_380001,ORDSM9KT,RCPTW9KO9,4,TXNR1NOAI1,8.44,818.03,7.26,12.25,7.85,170.41,1438.26,6917.01,5478.75
20231016,10/16/2023,17351,47,13,73,4,10,4,30,KOL_WB_700001,ORDT7RKY,RCPT9MIZ7,3,TXNT7VYMPA,7.94,494.56,8.32,80.96,1.13,465.26,3694.16,4000.58,306.42
20231018,10/18/2023,40537,22,16,95,2,9,3,26,DEL_DL_110001,ORDEHMIF,RCPTBX6UX,4,TXNAP0HBR2,16.3,343.31,32.7,96.12,17.11,321.92,5247.3,5676.48,429.18
20231025,10/25/2023,183094,4,20,60,2,2,3,21,JAI_RJ_302001,ORDNXVST,RCPTB7MW1,5,TXNVVBB8W5,15.26,879.46,41.47,20.65,3.17,128.87,1966.56,13402.91,11436.35
20231031,10/31/2023,75733,12,20,3,3,9,3,6,CHN_TN_600001,ORDBFHPI,RCPTPY5F4,5,TXNU1RL0Z9,8.97,457.93,46.56,26.14,4.09,492.3,4415.93,4091.3,-324.63
20231107,11/7/2023,21513,48,1,31,1,2,3,8,HYD_TS_500001,ORDS8HUB,RCPT7EBOH,5,TXNGP0LP84,15.71,815.75,26.05,10.01,9.77,126.4,1985.74,12809.16,10823.42
20231107,11/7/2023,197072,49,7,38,4,4,2,28,BHO_MP_462001,ORDAA69X,RCPTBDI2V,4,TXNHAII7FU,6.75,114.38,33.86,61.81,1.92,180.27,1216.82,801.93,-414.89
20231108,11/8/2023,12486,20,7,13,3,2,5,20,NAG_MH_440001,ORD69N59,RCPTREL1G,2,TXNDJA9F55,2.92,433.08,17.32,10.76,4.9,475.51,1388.49,1262.93,-125.56
20231111,11/11/2023,202926,33,5,65,1,9,5,29,COI_TN_641001,ORD03EVG,RCPTLTPIA,5,TXNHAIDICH,4.31,801.93,18.32,43.25,19.95,363.56,1566.94,3501.2,1934.26
20231112,11/12/2023,131354,49,20,50,2,9,3,22,HYD_TS_500001,ORD1SBGQ,RCPTUNUGA,2,TXNDMRVFY4,9.28,102.74,26.87,35.42,14.09,343.26,3185.45,976.07,-2209.38
20231118,11/18/2023,13984,5,18,60,2,4,3,16,JAI_RJ_302001,ORDGCQHC,RCPTFNBU8,4,TXN3N8Z6LC,11.33,934.67,12.71,81.89,13.57,292.87,3318.22,10672.56,7354.34
20231123,11/23/2023,22435,2,8,60,2,3,3,26,DC_BHI_MH_400615,ORD1YQX6,RCPT0LILD,3,TXNUOKSSL8,2,152.77,25.38,54.32,4.71,117.31,234.62,339.19,104.57
20231124,11/24/2023,185092,12,15,42,1,6,3,6,IND_MP_452001,ORDHVU65,RCPTAPKYL,2,TXN2749RV3,4.31,141.65,16.22,28.38,24.06,228.58,985.18,646.73,-338.45
20231126,11/26/2023,126778,37,6,57,3,5,3,11,DC_FAR_HR_121001,ORDU5JOA,RCPT2RU5Y,5,TXNA0UUQ8W,12.49,926.54,17.65,84.23,19,101.8,1271.48,11658.06,10386.58
20231127,11/27/2023,92759,10,19,90,1,10,1,14,MUM_MH_400001,ORDQNWWL,RCPT491HA,5,TXNOV78VG1,3.71,492.43,23.27,57.04,22.97,96.89,359.46,1883.66,1524.2
20231203,12/3/2023,877,10,12,44,4,9,1,14,VIS_AP_530001,ORDRWL1U,RCPTVWSKB,3,TXNST5OF08,4.78,900.32,14.55,7.05,28.13,60.99,291.53,4324.16,4032.63
20231221,12/21/2023,57618,31,6,63,2,4,3,7,IND_MP_452001,ORDAO05P,RCPT93FE0,5,TXN2SHHCQ8,6.47,869.03,13.34,42.57,7.47,220.81,1428.64,5659.32,4230.68
20231230,12/30/2023,182792,1,14,12,4,8,3,11,MUM_MH_400001,ORD2M588,RCPTTUMEE,2,TXN76YFLFG,13.81,731.8,23.05,30.99,0.2,397.43,5488.51,10114.3,4625.79
20231231,12/31/2023,44677,7,8,61,3,9,2,17,DC_SRI_AP_517501,ORDFA314,RCPT2V447,1,TXN74LKNHF,8.94,342.33,9.96,76.4,3.08,414.72,3707.6,3129.95,-577.65
20240106,1/6/2024,77324,49,15,85,2,1,3,13,DC_SRI_AP_517501,ORD3PNRB,RCPT2HRF2,3,TXN7AFDVCNS,18.12,308.95,9.29,51.09,5.93,416.54,7547.66,5645.9,-1901.76
20240119,1/19/2024,87159,31,20,71,1,4,5,7,DEL_DL_110001,ORDM9QQU,RCPTB1Y4I,4,TXN5TEGNLLI,15.83,469.2,49.66,80.14,2.09,411.62,6516.02,7460.01,943.99
20240120,1/20/2024,12230,42,11,71,1,5,4,10,MUM_MH_400001,ORDMFHG9,RCPTT1VZT,5,TXN1R3KAXEI,17.81,122.33,4.06,69.66,25.89,348.92,6214.22,2270.19,-3944.03
20240122,1/22/2024,43449,11,17,67,4,2,5,6,BLR_KA_560001,ORDESJST,RCPTJFAW6,5,TXNDJ0SFWQ7,5.6,565.32,20.06,10.93,26.76,295.49,1654.73,3183.42,1528.69
20240123,1/23/2024,70889,20,19,36,3,6,2,19,DC_FAR_HR_121001,ORDKAR95,RCPT2O24T,3,TXNKBB5WF5V,11.9,860.14,27.34,55.9,7.27,233.4,2777.48,10271.5,7494.02
20240125,1/25/2024,89517,45,1,67,4,1,3,7,BLR_KA_560001,ORDCJQUT,RCPT4IEBH,2,TXN9JO651AK,10.72,521.09,17.92,50.71,2.33,474.88,5090.69,5621.2,530.51
20240127,1/27/2024,77609,4,10,74,4,9,3,13,PUN_MH_411001,ORDAZQMN,RCPTD2P34,2,TXN0Y52GHC2,5.79,378.23,44.61,19.17,25.14,414.62,2400.66,2189.65,-211.01
20240128,1/28/2024,18197,31,20,16,2,8,2,2,CHN_TN_600001,ORDT303D,RCPTCDRIM,2,TXN1OKTWWL5,5.21,184.78,36.36,24.7,20.52,129.56,675.02,971.56,296.54
20240201,2/1/2024,142696,14,7,36,1,4,3,8,NAG_MH_440001,ORDRN3IF,RCPTZH6G0,1,TXNV6RNRFJ9,3.53,648.32,18.55,29.48,16.26,187.17,660.72,2315.76,1655.04
20240202,2/2/2024,196920,12,16,45,1,2,1,28,KOL_WB_700001,ORD9JUNX,RCPTYTF5Q,2,TXNUH9PBXI0,14.49,438.95,29.93,39.25,3.33,214.39,3106.45,6373.04,3266.59
20240203,2/3/2024,219844,10,19,9,4,1,2,7,DC_SRI_AP_517501,ORD8UI10,RCPTQJEF9,5,TXNX5Q5PMEU,15.76,137.84,49.61,62.6,17.29,112.8,1777.74,2202.64,424.9
20240210,2/10/2024,46966,2,14,10,1,2,1,28,IND_MP_452001,ORDG42VK,RCPTRFOZ8,2,TXNJEECN6QT,6.26,649.46,9.8,28.6,7.98,52.77,330.37,4092.4,3762.03
20240218,2/18/2024,172042,49,19,34,4,4,5,29,BLR_KA_560001,ORDAFCU6,RCPTFV4MN,4,TXN4EEJ7XN7,19.47,842.55,24.23,69.53,19.16,303.92,5917.35,16468.91,10551.56
20240225,2/25/2024,225239,7,12,53,4,10,3,4,COI_TN_641001,ORDH3KPT,RCPTWHFHE,5,TXND7T3599L,5.73,353.48,17.31,49.53,6.04,401.67,2301.58,2063.7,-237.88
20240227,2/27/2024,215013,14,15,45,4,3,4,8,BLR_KA_560001,ORDWWRCH,RCPTZP1VA,2,TXNV48WCPIM,1.07,625.69,23.06,12.3,26.16,200.56,214.6,684.89,470.29
20240304,3/4/2024,27931,16,4,8,4,3,5,12,MUM_MH_400001,ORDX4B9H,RCPTG6QTH,3,TXNJO6OTC33,4.33,559.32,31.41,60.58,16.83,62.49,270.59,2467.86,2197.27
20240305,3/5/2024,44033,45,5,97,4,7,5,26,JAI_RJ_302001,ORD477CX,RCPTWP0D8,2,TXNPNVB6AEJ,11.47,767.99,5.76,76.11,25.51,50.87,583.44,8904.71,8321.27
20240306,3/6/2024,101492,35,2,38,2,6,2,8,LKO_UP_226001,ORDE504M,RCPTUW736,5,TXNHSKDVD2Y,1.95,532.44,40.08,22.24,1.54,480.45,936.88,1021.96,85.08
20240308,3/8/2024,32090,9,20,37,3,10,2,15,LKO_UP_226001,ORD9Z28I,RCPTHQOPF,2,TXNBAJ4ENXC,6.35,455.05,19.87,38.95,17.41,489.78,3110.1,2926.06,-184.04
20240310,3/10/2024,42579,50,5,16,1,7,1,8,BLR_KA_560001,ORDSM3WP,RCPT0CIBH,2,TXN4ZWBC9T5,19.29,286.18,21.37,48.62,3.77,487.19,9397.95,5551.43,-3846.52
20240316,3/16/2024,1895,31,13,52,1,5,2,25,NAG_MH_440001,ORDIF61Q,RCPTH0GS9,4,TXNHHC1QIKW,18.21,762.92,23.88,6.28,2.08,343.02,6246.34,13877.25,7630.91
20240320,3/20/2024,101459,3,5,25,4,7,2,29,MUM_MH_400001,ORDTBRT5,RCPTYEWZ8,5,TXNVAYQICOQ,18.73,276.17,13.89,71.99,29.01,367.18,6877.25,5259.77,-1617.48
20240331,3/31/2024,223591,46,1,69,1,7,3,8,GUW_AS_781001,ORDXMVSI,RCPT24WQT,3,TXNBUI5BH99,15.3,722.36,25.06,6.34,6.1,212.19,3246.55,11039.49,7792.94
20240403,4/3/2024,74621,48,13,42,1,8,3,3,DC_SRI_AP_517501,ORDPMNEO,RCPT6TGOT,2,TXNS48HEM56,17.4,297.23,18.73,19.44,17.68,295.88,5148.34,5190.19,41.85
20240404,4/4/2024,130297,10,6,57,3,3,3,9,DC_SRI_AP_517501,ORDARXYO,RCPTEVTPY,2,TXNOMR7VJRO,1.32,745.45,48.21,64.26,12.44,393.68,519.66,1012.48,492.82
20240410,4/10/2024,164364,50,18,19,3,3,2,22,BLR_KA_560001,ORD4ISOU,RCPT6BW8G,2,TXNZWV1PB7F,1.98,863.74,35.27,8.69,27.85,127.71,252.87,1711.48,1458.61
20240415,4/15/2024,29738,47,20,2,1,10,5,24,JAI_RJ_302001,ORDGF0FX,RCPTC517M,5,TXN18QWW176,19.48,548.06,29.28,44.1,18.53,189.33,3688.18,10709.56,7021.38
20240416,4/16/2024,129518,42,4,1,2,7,3,21,DC_BHI_MH_400615,ORDAWHPQ,RCPTMZFPL,4,TXNICV9LOY3,4.43,572.27,25.52,73.25,2.08,318.48,1410.87,2584.97,1174.1
20240418,4/18/2024,38427,16,2,87,4,9,2,30,DEL_DL_110001,ORD0CBKF,RCPT9BEJJ,3,TXN2RVC3T2E,15.68,511.73,6.14,89.12,15.35,430.61,6752.02,8122.26,1370.24
20240421,4/21/2024,131256,11,11,46,4,8,4,26,DC_SRI_AP_517501,ORDA86OQ,RCPT7FKOH,3,TXNVF1K43M2,5.28,198.65,31.59,18.49,15.35,336.35,1775.93,1051.12,-724.81
20240422,4/22/2024,213339,14,8,34,3,4,3,29,BHO_MP_462001,ORDLDLZX,RCPTNLSMV,2,TXNE11KI6P3,5.77,414.65,8.16,50.88,28.08,232.24,1340.01,2463.33,1123.32
20240424,4/24/2024,63465,47,5,1,1,9,2,22,AHM_GJ_380001,ORDGK9C0,RCPTM8RZ9,1,TXNFI99IWC9,12.64,743.25,8.69,23.39,9.87,409.68,5178.4,9419.25,4240.85
20240425,4/25/2024,72660,50,13,91,1,2,2,1,IND_MP_452001,ORDPN7UC,RCPTO1K7H,1,TXNVM8PU83I,10.8,879.71,45.22,81.82,7.37,95,1025.96,9544.84,8518.88
20240501,5/1/2024,36206,33,5,77,2,5,2,22,MUM_MH_400001,ORDCSE4S,RCPT5B0IP,3,TXNEAMFJZU7,4,293.54,34.64,67.16,26.16,371.05,1484.22,1232.84,-251.38
20240510,5/10/2024,70576,25,10,6,4,9,1,2,MUM_MH_400001,ORD63AYS,RCPTHSM0U,4,TXNISJ2B4QY,14.5,793.63,40.31,46.21,18.24,312.09,4525.3,11531.78,7006.48
20240511,5/11/2024,41989,6,9,4,4,7,3,29,BLR_KA_560001,ORDKGVCP,RCPT1G1MD,1,TXNK9AB9HN6,19.61,148.87,37.02,71.18,13.43,140.16,2748.52,2966.93,218.41
20240523,5/23/2024,181139,12,15,1,3,6,5,15,LKO_UP_226001,ORDPBLPE,RCPTLXAJF,5,TXNMJOZEE2S,3.32,969.21,18.88,95.59,7.28,153.52,509.69,3301.77,2792.08
20240601,6/1/2024,178626,44,7,50,4,4,2,28,AHM_GJ_380001,ORDNVJXU,RCPTKHUZT,2,TXN38J5HDEM,14.74,417.79,37.4,27.21,12.55,179.3,2642.94,6160.58,3517.64
20240602,6/2/2024,179949,1,2,29,4,8,2,7,BHO_MP_462001,ORDRYR5R,RCPTEF16A,4,TXNAAP47MWK,16.71,262.26,42.88,88.13,3.75,235.18,3929.79,4431.36,501.57
20240603,6/3/2024,113562,7,12,49,4,8,4,25,DC_FAR_HR_121001,ORDD989X,RCPTOVIIR,2,TXNMOZFNI11,13.21,281.9,44.07,92.79,0.52,269.17,3555.69,3773.14,217.45
20240613,6/13/2024,227538,39,13,1,1,8,4,18,DC_SRI_AP_517501,ORD0758L,RCPTUN1QR,3,TXNUI4RAWXQ,13.65,493.51,6.13,24.99,26.52,371.44,5070.17,6781.79,1711.62
20240613,6/13/2024,187603,2,11,20,4,3,5,28,BLR_KA_560001,ORD3JQTN,RCPTC53F5,5,TXNPOGX8HJM,16.38,943.99,15.07,89.44,3.8,190.85,3126.17,15540.73,12414.56
20240629,6/29/2024,147717,41,20,76,3,2,2,5,DC_SRI_AP_517501,ORD1FPWE,RCPT864CD,1,TXN2PNMYG4A,19.85,586.94,23.45,93.32,8.94,304.93,6052.87,11729.57,5676.7
20240702,7/2/2024,170546,13,2,87,3,2,4,8,IND_MP_452001,ORDB587X,RCPTK8PKY,3,TXNO595W43F,5.17,458.12,41.88,13.21,15.09,91.23,471.64,2354.9,1883.26
20240706,7/6/2024,83267,42,10,97,1,2,5,20,PUN_MH_411001,ORDLFQ6R,RCPT0S7PI,2,TXNPRGVJTWH,4.13,632.63,5.67,7.07,12.66,153.29,633.1,2626.82,1993.72
20240711,7/11/2024,133626,13,9,42,3,2,1,5,BLR_KA_560001,ORDMF8XQ,RCPTKV39A,4,TXNQBB2A2JZ,16.68,353.18,46.25,61.5,15.12,458.94,7655.17,5921.41,-1733.76
20240719,7/19/2024,3784,41,13,41,1,2,4,2,BLR_KA_560001,ORDGU81Y,RCPTTX011,2,TXN5K4HMEE7,17.39,102.92,44.4,43.45,3.92,451.95,7859.45,1792.75,-6066.7
20240723,7/23/2024,180102,16,20,74,4,1,4,27,VIS_AP_530001,ORD0583E,RCPTZEXE7,4,TXNBBHYEIF1,3.99,481.05,12.57,43.35,1.91,271.57,1083.57,1952.08,868.51
20240725,7/25/2024,167329,30,7,20,1,10,2,30,VIS_AP_530001,ORDACEWD,RCPT1QEC5,5,TXN2ZUFKEDY,4.99,659.36,22.63,15.57,10.64,67.48,336.7,3293.79,2957.09
20240804,8/4/2024,135,41,2,24,2,6,2,25,DC_SRI_AP_517501,ORDG8DT5,RCPTLO5TS,1,TXN08Y8L4ZZ,3.3,827.56,12.17,56.64,2.23,343.13,1132.33,2777.65,1645.32
20240805,8/5/2024,15151,29,14,67,1,8,3,27,KOL_WB_700001,ORDW1E67,RCPTLTDC5,2,TXNFAQI1410,3.46,787.69,29.2,29.59,24.12,116.56,403.29,2749.92,2346.63
20240808,8/8/2024,190941,14,14,97,1,3,1,2,DC_SRI_AP_517501,ORD770HK,RCPT4AAPR,4,TXNQN91P0PR,15.47,396.41,1.76,78.64,25.04,252.68,3908.89,6234.38,2325.49
20240810,8/10/2024,134568,26,19,30,3,4,1,3,HYD_TS_500001,ORDVY1S8,RCPTR5D6B,3,TXNQJGA8Q1Q,8.12,895.7,47.22,35.43,26.25,147.85,1200.51,7287.54,6087.03
20240812,8/12/2024,4320,25,19,67,1,4,1,20,DC_SRI_AP_517501,ORDLIZGX,RCPT5PNID,2,TXN5UUKU5AT,1.96,641.37,7.76,65.67,26.79,324.29,635.61,1341.79,706.18
20240813,8/13/2024,220429,8,1,2,3,6,2,26,COI_TN_641001,ORD22NR4,RCPTCLX16,3,TXNAR1WHR57,7.36,144.17,0.82,52.92,5.64,269.51,1983.59,1118.83,-864.76
20240814,8/14/2024,150021,17,6,64,3,8,5,4,MUM_MH_400001,ORD7Q7FS,RCPT9019S,3,TXNQ2J3LXNG,9.03,323.93,36.88,36.29,18.29,442.8,3998.52,2942.79,-1055.73
20240821,8/21/2024,28215,17,12,34,1,1,4,19,BHO_MP_462001,ORDLGK0G,RCPTY7PCF,4,TXNOLFJOCVF,13.78,497.53,48.39,65.81,29.24,370.95,5111.73,6902.62,1790.89
20240825,8/25/2024,117888,30,17,61,4,8,3,1,MUM_MH_400001,ORDTZBZF,RCPTCOR4V,3,TXN90DCOW1U,10.86,779.17,15.99,11.82,18.71,250.48,2720.26,8476.33,5756.07
20240827,8/27/2024,221017,24,14,33,1,9,4,4,DEL_DL_110001,ORDFPWW1,RCPTE6DIW,5,TXNYU42KFQD,17.16,168.56,43.23,78.16,3.48,492.33,8448.45,2930.9,-5517.55
20240830,8/30/2024,127530,43,8,23,3,10,3,5,CHN_TN_600001,ORDM79B0,RCPTK169K,3,TXN0JCAJA5Z,15.22,631.63,2.79,36.3,15.57,80.73,1228.77,9662.49,8433.72
20240909,9/9/2024,214671,31,9,45,2,10,2,29,MUM_MH_400001,ORDLCMLP,RCPTL9H5M,2,TXNMCSOYTSZ,9.74,777.43,26.81,9.63,10.31,180.39,1757.02,7565.3,5808.28
20240910,9/10/2024,214592,30,19,53,3,7,5,11,DC_BHI_MH_400615,ORDHF3M8,RCPTNH7HN,2,TXN8AUIIHXN,17.51,469.39,28.59,48.34,9.17,445.53,7801.3,8247.94,446.64
20240918,9/18/2024,103636,47,17,20,2,3,3,12,MUM_MH_400001,ORDAVLRN,RCPT2HW6B,2,TXNVZQ14OZ6,17.36,341.75,20.76,22.97,6.06,347.42,6031.27,5941.05,-90.22
20240919,9/19/2024,106160,50,2,63,1,1,2,13,DC_SRI_AP_517501,ORDPJL1G,RCPTD3RAC,5,TXN4Z6AQLXW,5.24,489.45,48.25,18.27,19.96,121.65,637.47,2554.7,1917.23
20240921,9/21/2024,128248,48,14,30,3,9,1,20,BLR_KA_560001,ORDYYGWK,RCPTPTSGK,3,TXNAFKU4133,3.13,364.64,29.81,15.12,21.8,114.46,358.26,1148.43,790.17
20240921,9/21/2024,96720,35,14,8,1,6,4,14,HYD_TS_500001,ORD8FFCE,RCPT0A2PT,3,TXNE3TYM1ES,5.6,506.03,21.53,15.89,0.11,480.12,2688.69,2828.24,139.55
20240922,9/22/2024,86890,44,2,55,2,7,3,15,JAI_RJ_302001,ORDHG0JU,RCPTOEZ74,5,TXNI34NFM49,17.52,561.94,35.85,74.31,26.26,355.81,6233.81,9909.91,3676.1
20240924,9/24/2024,63319,13,10,59,2,8,2,26,DC_SRI_AP_517501,ORDDCSY7,RCPTA4312,4,TXNFEAKYSY2,10.93,493.66,21.22,81.56,2.18,351,3836.46,5458.22,1621.76
20240924,9/24/2024,96341,3,8,91,2,5,1,2,BLR_KA_560001,ORD7TYEU,RCPTAKHMY,1,TXN3W4KLVU7,9.65,640.04,37.78,43.75,15.24,480.87,4640.36,6197.6,1557.24
20240924,9/24/2024,178746,32,16,49,3,8,2,26,MUM_MH_400001,ORDCYDTA,RCPTYAZ0B,2,TXN008AWQ88,17.17,906.05,35.37,66.44,27.07,315.07,5409.76,15615.02,10205.26
20240925,9/25/2024,178731,11,15,65,3,5,2,20,MUM_MH_400001,ORDCGK2I,RCPTI9EUN,5,TXNJEAVWBMF,10.16,796.46,11.77,9.58,22.38,83.3,846.35,8112.22,7265.87
20240927,9/27/2024,53568,20,13,78,4,2,4,19,DC_BHI_MH_400615,ORDLKLWC,RCPTUHK4L,2,TXN0IYBUJU0,13.15,461.41,2.54,59.05,20.08,144.63,1901.92,6144.13,4242.21
20240928,9/28/2024,166054,28,16,36,3,6,5,9,MUM_MH_400001,ORDDVARB,RCPTXMRIU,3,TXNPUU0RCSX,4.45,641.78,8.48,81.18,29.03,402.21,1789.82,2957.65,1167.83
20241001,10/1/2024,2577,23,2,79,2,1,5,29,COI_TN_641001,ORDGOMQ1,RCPTKUTJ3,3,TXNEIKN3XOW,10.32,257.54,6.22,32.25,18.01,154.49,1594.38,2701.85,1107.47
20241003,10/3/2024,140066,34,7,96,2,4,1,20,DC_SRI_AP_517501,ORD1OMMN,RCPTQH3B6,3,TXNG06VT8KV,15.98,422.62,34.57,74.2,23.76,109.63,1751.88,6816.86,5064.98
20241004,10/4/2024,163034,38,16,10,2,8,2,1,MUM_MH_400001,ORDH8AU2,RCPT5LO14,2,TXNXK9XP2Y2,4.79,474.46,44.73,85.44,17.24,265.1,1269.83,2330.61,1060.78
20241011,10/11/2024,126917,26,19,87,2,1,4,10,DC_SRI_AP_517501,ORDGMCC6,RCPTDJN1Z,3,TXN01B41MPJ,9.99,566.6,2.78,27.5,3.47,382.42,3820.34,5688.52,1868.18
20241017,10/17/2024,163431,46,18,3,3,5,4,7,MUM_MH_400001,ORDFQ1M6,RCPTP7339,4,TXNPC2WJHN6,1.35,602.77,0.3,84.13,0.77,64.3,86.8,898.34,811.54
20241018,10/18/2024,155101,2,4,21,3,1,2,13,GUW_AS_781001,ORDLMSP9,RCPTG7XR7,4,TXN0SJ4OH33,19.18,185.63,31.32,58.52,16.36,100.98,1936.85,3603.94,1667.09
20241022,10/22/2024,141934,19,11,49,1,9,4,2,BLR_KA_560001,ORDSHSKX,RCPTJSW8H,3,TXN4Q9E3VX0,1.12,853.26,40.51,86.39,3.34,266.65,298.65,1004.87,706.22
20241024,10/24/2024,92247,16,20,8,3,8,2,23,BLR_KA_560001,ORDA65SL,RCPTGO6OG,4,TXNH5B7EDAW,15.1,537.73,8.25,36.82,19.27,130.83,1975.58,8167.56,6191.98
20241026,10/26/2024,11648,4,5,70,4,2,2,29,BLR_KA_560001,ORD4AR3H,RCPTAKHK0,4,TXNG3HLZP44,1.41,333.3,39.45,39.21,3.15,191.16,269.54,472.86,203.32
20241030,10/30/2024,192326,37,14,29,1,4,3,22,PUN_MH_411001,ORDFMU3D,RCPTGOHCD,1,TXNNYX6OA80,4.22,670.79,34.1,76.48,27.69,197.6,833.87,2900.8,2066.93
20241103,11/3/2024,5861,40,4,59,4,2,3,7,BLR_KA_560001,ORDMI3ED,RCPTDVGFC,1,TXNQ8LJ57JN,18.46,170.66,20.23,69.81,12.19,463.75,8560.88,3212.15,-5348.73
20241104,11/4/2024,78098,20,7,79,2,3,5,13,NAG_MH_440001,ORDSI2V5,RCPT746H3,4,TXNIN8MX5G0,4.45,216.04,10.51,87.04,19.55,389.63,1733.85,1057.46,-676.39
20241106,11/6/2024,84811,44,12,22,1,7,1,29,DC_SRI_AP_517501,ORDDSC9V,RCPTP75RV,4,TXNXLZV0B5T,16.91,964.64,12.12,35.94,19.75,198.91,3363.61,16355.63,12992.02
20241113,11/13/2024,126670,21,19,68,1,1,3,22,GUW_AS_781001,ORDCUAPZ,RCPTRYBMM,4,TXND88YK31J,15.87,687.82,40.18,78.08,15.81,167.81,2663.08,10969.41,8306.33
20241114,11/14/2024,2785,25,7,11,3,5,4,22,DC_SRI_AP_517501,ORD2J45K,RCPTA99TA,3,TXNLW4JGIQR,2.02,980.46,4.77,37.79,24.21,55.67,112.45,2037.76,1925.31
20241115,11/15/2024,46870,29,19,6,1,10,5,30,MUM_MH_400001,ORD88SVS,RCPT72OQI,3,TXNT6ZAB6SP,17.9,146.59,3.19,17.93,4.82,112.38,2011.62,2643.52,631.9
20241116,11/16/2024,25754,8,19,9,4,8,1,4,MUM_MH_400001,ORDTCSLB,RCPT94XV2,1,TXNK115AJ08,5.69,904.61,37.37,98.3,19.16,312.69,1779.2,5227.32,3448.12
20241121,11/21/2024,84317,47,3,67,2,7,3,26,MUM_MH_400001,ORDWXYT7,RCPTWYIQ8,5,TXND0Y6N5ST,19.82,714.7,45.7,43.14,1.15,144.99,2873.71,14163.94,11290.23
20241123,11/23/2024,155307,13,16,17,3,10,3,4,AHM_GJ_380001,ORD2HM13,RCPTZPNWZ,5,TXN3XGHF3YZ,12.35,190.91,27.6,94.09,29.61,244,3013.45,2453.84,-559.61
20241213,12/13/2024,145397,49,19,84,2,2,3,13,DC_FAR_HR_121001,ORDR5LUP,RCPTMJ579,2,TXNZ05D98FU,18.96,925.8,28.69,72.19,2.93,390.09,7396.1,17599.6,10203.5
20241215,12/15/2024,45657,11,16,41,1,2,3,17,CHN_TN_600001,ORDJG10E,RCPT6W3CH,1,TXNV7JNR7MN,14.96,903.52,40.63,5.68,29.31,177.56,2656.24,13511.02,10854.78
20241220,12/20/2024,18692,32,4,100,2,9,4,11,MUM_MH_400001,ORDA6HZR,RCPT4UDS2,1,TXNSQPDUGGF,15.81,789.42,37.86,73.2,5.83,375.25,5932.64,12521.9,6589.26
20241221,12/21/2024,47494,4,8,69,3,7,3,4,HYD_TS_500001,ORDF59IU,RCPT6ZMNU,2,TXNB91AMUSH,2.75,266.01,8.95,51.47,22.74,307.83,846.54,796.79,-49.75
20241224,12/24/2024,79876,40,14,92,4,4,4,25,BLR_KA_560001,ORD9MAP3,RCPT6ID7P,2,TXNW56PQPC7,16.2,695.15,3.87,68.72,8.09,149.15,2416.16,11334.37,8918.21
20241229,12/29/2024,28768,35,7,82,4,8,3,5,KOL_WB_700001,ORD260E5,RCPTWHGL5,4,TXNLOW6PH2L,9.46,948.6,2.88,34.57,4.95,419.21,3965.75,9010.4,5044.65
20241230,12/30/2024,176375,46,15,92,3,6,1,24,VIS_AP_530001,ORDTPQAC,RCPT4SMQK,1,TXNTSDCN97G,15.02,432.31,6.19,61.55,28.55,259.77,3901.74,6577.21,2675.47
20241230,12/30/2024,53426,1,10,13,2,3,4,10,DC_SRI_AP_517501,ORDB1KLY,RCPTEXUR6,5,TXN1HHAIQQY,11.34,665.88,32.3,11.3,9.87,215.21,2440.53,7539.95,5099.42
20250103,1/3/2025,14968,10,1,58,4,8,4,22,IND_MP_452001,ORDBFQ93,RCPTO4MIG,1,TXNRFQ6COS,16.99,559.43,44.54,8.65,9.64,415.5,7059.34,9478.47,2419.13
20250104,1/4/2025,105213,36,18,94,4,6,3,19,MUM_MH_400001,ORDQE5GR,RCPT4IVO7,2,TXNPLDWB04,7.22,364.37,18.61,99,21.31,296.33,2139.5,2732.45,592.95
20250105,1/5/2025,109125,31,16,16,4,4,2,7,BLR_KA_560001,ORDAS2VX,RCPTNXGDM,4,TXNDXRTCXA,6.56,391.54,20.62,27.94,24.14,163.12,1070.07,2599.96,1529.89
20250108,1/8/2025,232270,15,20,98,1,5,2,25,DC_BHI_MH_400615,ORDEIKDL,RCPT1KPEL,1,TXN4QEIE8S,6.64,584.22,27.19,43.59,2.51,69.63,462.34,3898.13,3435.79
20250108,1/8/2025,120258,44,9,70,3,9,1,22,LKO_UP_226001,ORDRQ5UR,RCPTRMDCS,5,TXNKCPXJ7O,15.11,649.73,41.9,31.68,25.61,266.61,4028.48,9832.81,5804.33
20250109,1/9/2025,47897,31,13,15,1,1,5,28,PUN_MH_411001,ORDCHPGE,RCPTE22GQ,3,TXNGSAUVKI,1.76,515.79,23.17,31.45,11.07,148.42,261.22,927.14,665.92
20250109,1/9/2025,126853,20,10,11,4,4,2,26,CHN_TN_600001,ORD7U4OH,RCPT9XFTJ,4,TXNWY9SUBF,18.94,615.66,36.32,91.14,3.28,415.01,7860.29,11718.7,3858.41
20250118,1/18/2025,155401,46,15,84,2,3,1,16,VIS_AP_530001,ORDEYNMB,RCPTPETRB,2,TXNPBN2PZ9,5.24,624.21,19.67,22.32,20.97,271.06,1420.35,3294.48,1874.13
20250121,1/21/2025,106413,31,4,21,3,2,2,3,IND_MP_452001,ORD29TZD,RCPTUJTFV,4,TXNOE1IGHQ,5.88,703.61,3.85,52.03,1.97,294.36,1730.84,4187.38,2456.54
20250122,1/22/2025,33172,38,6,46,2,8,3,26,VIS_AP_530001,ORDERUTJ,RCPT495CN,1,TXN6LE41UI,7.68,293.58,42.94,18.52,21.27,320.57,2461.98,2251.54,-210.44
20250124,1/24/2025,4184,43,6,27,3,4,3,6,VIS_AP_530001,ORDOEBPM,RCPTJDB9C,1,TXNJZUQMH4,13.16,272.08,27.26,83.26,18.74,185.35,2439.21,3655.31,1216.1
20250125,1/25/2025,77309,29,3,92,3,10,5,22,BLR_KA_560001,ORDWZKSA,RCPTHZN5M,2,TXN2O1UGN3,7.46,165.32,42.77,86.81,21.36,113.41,846.04,1298.69,452.65
20250129,1/29/2025,176521,29,15,53,3,9,1,3,GUW_AS_781001,ORD7HWU9,RCPT1M8SZ,5,TXNXJY2VJZ,12.9,407.78,49.8,21.14,4.35,150.99,1947.77,5236.05,3288.28
20250205,2/5/2025,212737,9,9,38,2,1,1,3,COI_TN_641001,ORD3XF5S,RCPTCZN82,2,TXNU59W4HY,19.92,430.92,43.31,47.38,21.15,471.99,9402.04,8609.15,-792.89
20250205,2/5/2025,29228,6,2,40,1,2,1,9,BHO_MP_462001,ORDX2OH6,RCPT0FZRX,4,TXNX2G6J6G,14.17,664.46,41.52,20.5,22.55,94.87,1344.31,9416.93,8072.62
20250206,2/6/2025,210827,48,5,44,4,4,2,17,KOL_WB_700001,ORDKZ720,RCPT5Z1RF,3,TXNTLXW1XO,12.44,454.89,26.69,30.24,26.6,396.16,4928.23,5688.98,760.75
20250206,2/6/2025,70344,48,13,69,3,4,1,5,VIS_AP_530001,ORDI027M,RCPT01MUB,1,TXN394FHUX,13.99,794.95,24.33,36.28,24.17,252.48,3532.2,11157.47,7625.27
20250207,2/7/2025,218215,16,7,49,2,5,4,15,HYD_TS_500001,ORDTKAG6,RCPTSVAEP,5,TXNWP64GS2,18.68,536.01,26.3,39.29,21.38,101.39,1893.97,10047.04,8153.07
20250207,2/7/2025,135398,24,2,30,4,4,4,3,LKO_UP_226001,ORDZXYCR,RCPTGO6YU,5,TXNOJDH7F4,10.07,560.81,26.37,95.73,13.34,495.59,4990.59,5730.06,739.47
20250208,2/8/2025,187118,44,3,52,3,5,5,21,GUW_AS_781001,ORDNGJ9I,RCPTBTZ3J,5,TXNSLCMFMZ,9.62,253.82,20.79,60.93,23.14,310.41,2986.14,2505.03,-481.11
20250208,2/8/2025,186064,9,3,57,4,10,3,28,HYD_TS_500001,ORDI82AS,RCPTCL18U,1,TXNHT91HZ1,1.16,621.64,35.12,28.7,19.36,400.16,464.19,734.04,269.85
20250211,2/11/2025,112501,47,10,91,2,4,2,2,GUW_AS_781001,ORDA3IRR,RCPTGDFEC,4,TXNUM9I7M7,16.54,652.41,14.58,60.4,22.67,420.54,6955.73,10859.35,3903.62
20250211,2/11/2025,38961,32,8,9,4,3,1,9,KOL_WB_700001,ORDQMOJE,RCPT160TE,3,TXNWWF49ZS,6.59,662.7,29.3,63.68,3.95,457.82,3017.03,4405.52,1388.49
20250214,2/14/2025,127855,50,14,97,1,3,2,3,DC_FAR_HR_121001,ORD1NP6Q,RCPTD1VAC,1,TXNF83097G,19.25,982.19,9.31,49.87,19.08,188.14,3621.69,18966.8,15345.11
20250217,2/17/2025,140554,18,18,99,1,6,1,21,HYD_TS_500001,ORDKEZQL,RCPTXI4WI,5,TXNBD0QR3D,12.83,260.2,39.16,71.83,20.65,428.93,5503.17,3391.69,-2111.48
20250219,2/19/2025,213577,1,1,92,3,3,1,20,JAI_RJ_302001,ORD51O3W,RCPT9R0DX,5,TXNG7H81LW,1.11,486.18,29.58,42.78,11.32,446.4,495.5,564.18,68.68
20250219,2/19/2025,125861,7,8,25,1,9,3,26,JAI_RJ_302001,ORDQMA0D,RCPTY4X9V,3,TXND8I4XC5,11.25,328.24,2.16,86.31,12.54,188.91,2125.24,3789.39,1664.15
20250225,2/25/2025,169954,43,1,58,1,10,1,18,HYD_TS_500001,ORD4YQCT,RCPTP24PQ,1,TXNQZECQFM,1.78,351.97,2.49,73.4,1.86,270.21,480.97,699.28,218.31
20250313,3/13/2025,72055,47,13,96,2,10,2,16,GUW_AS_781001,ORDBHJHP,RCPTV78DU,5,TXNB3IFAI9,3.35,328.02,0.6,18.61,14.26,490.19,1642.14,1131.14,-511
20250318,3/18/2025,125536,42,14,79,3,10,4,3,COI_TN_641001,ORDQVT5K,RCPT3MHII,2,TXN9TJCUEG,6.88,284.28,17.76,65.85,8.98,241.37,1660.63,2012.92,352.29
20250319,3/19/2025,172149,39,10,92,1,5,3,28,DC_SRI_AP_517501,ORDD50M4,RCPT6IUA5,2,TXNF6J125L,4.68,150.32,16.09,45.21,23.06,454.9,2128.93,755.68,-1373.25
20250322,3/22/2025,188794,32,7,56,4,5,3,6,DC_SRI_AP_517501,ORDCH76T,RCPTNJDOJ,3,TXNG9JFHEY,14.29,776.49,18.26,75.13,2.31,359.76,5140.97,11155.22,6014.25
20250325,3/25/2025,109698,29,4,60,4,10,4,4,KOL_WB_700001,ORDJ2D8W,RCPT46DI4,5,TXNHUNNOK5,16.97,805.97,40.11,7.94,28.71,148.88,2526.49,13673.85,11147.36
20250326,3/26/2025,122914,36,6,16,1,3,5,27,AHM_GJ_380001,ORD5VZTR,RCPT8TCKF,4,TXNMHH8DY7,16.67,528.93,17.98,88.76,9.69,498.48,8309.66,8897.73,588.07
20250327,3/27/2025,40852,21,6,75,2,5,5,6,HYD_TS_500001,ORDM5P8E,RCPT36Q26,2,TXNTVJDTHS,12.08,162.83,8.78,58.83,1.01,100.17,1210.05,2018.05,808
20250329,3/29/2025,83234,27,17,55,1,2,1,10,HYD_TS_500001,ORD40ALF,RCPTCU2BV,1,TXNBBXQRE1,1.62,858.17,7.31,34.69,1,252.62,409.24,1418.62,1009.38
20250330,3/30/2025,175340,26,2,15,3,7,3,6,VIS_AP_530001,ORDB19NL,RCPTQZY8T,1,TXNYEV1PJL,9.53,565.81,39.31,33.82,5.97,349.91,3334.64,5392.65,2058.01
20250331,3/31/2025,144227,11,15,46,4,9,1,13,DEL_DL_110001,ORD6APKD,RCPTCDYKB,1,TXNGX3TBJI,17.53,688.07,8.87,78.33,23.91,475.2,8330.26,12155.24,3824.98
20250331,3/31/2025,77183,33,14,28,3,1,3,7,JAI_RJ_302001,ORDE9RCZ,RCPTYNNIX,4,TXN4SZU6QI,7.05,675.9,45.68,80.4,4.32,242.88,1712.3,4804.13,3091.83
20250403,4/3/2025,54237,13,6,77,1,10,1,9,JAI_RJ_302001,ORDHX35T,RCPTRW5BF,4,TXN7AAGMXA,3.15,108.01,45.41,34.68,11.8,426.81,1344.45,341.3,-1003.15
20250411,4/11/2025,209826,12,19,56,4,2,4,18,DC_BHI_MH_400615,ORDI7O4K,RCPTQ3RLD,4,TXNA3SL68Y,4.04,530.61,43.81,89.76,10.72,326.95,1320.88,2200.33,879.45
20250411,4/11/2025,89622,33,8,70,3,10,3,15,JAI_RJ_302001,ORD1U9ZQ,RCPT8GZ47,1,TXNRSAGJ8A,11.83,718.7,18.52,85.46,22.74,173.86,2056.76,8591.9,6535.14
20250415,4/15/2025,35348,37,9,2,2,1,4,21,DC_BHI_MH_400615,ORDY4KWZ,RCPTGSAYF,1,TXNU79SJE8,9.48,715.29,22.64,45.99,13.31,309.13,2930.55,6817.61,3887.06
20250415,4/15/2025,231418,27,17,66,1,8,4,1,JAI_RJ_302001,ORD3DJ3B,RCPTMWV3V,3,TXNQFOLU45,10.71,936.33,19.3,29.57,24.68,144.81,1550.92,10063.04,8512.12
20250418,4/18/2025,39763,50,3,48,4,8,4,9,DC_BHI_MH_400615,ORD04WET,RCPTVSUMX,4,TXNZUJFQL2,4.38,202.77,12.11,85.88,28.2,394.33,1727.17,990.1,-737.07
20250419,4/19/2025,211388,39,7,56,2,2,1,12,MUM_MH_400001,ORDB2L4M,RCPT4Z2Y0,3,TXNV6Y3WGO,19.72,893.51,7.89,49.27,6.8,398.5,7858.42,17668.2,9809.78
20250420,4/20/2025,121944,22,9,38,2,6,4,16,CHN_TN_600001,ORDZ8GEX,RCPTGBY4M,4,TXN8AW1YYG,18.75,956.34,44.67,78.99,19.99,224.65,4212.19,17985.69,13773.5
20250428,4/28/2025,23378,49,12,7,3,3,3,29,NAG_MH_440001,ORD764M2,RCPTGSTNL,3,TXNE7TPFX1,8.17,943.28,45.02,35.26,29.78,263.54,2153.12,7726.62,5573.5
20250430,4/30/2025,199289,46,18,70,3,6,4,22,PUN_MH_411001,ORD46JTS,RCPT7NU53,1,TXNPI3KAGM,19.85,453.3,23.8,26.33,0.66,387.73,7696.44,9001.2,1304.76
20250503,5/3/2025,230353,33,12,93,4,8,2,3,HYD_TS_500001,ORDCX9GY,RCPTV33Q4,5,TXN9VPF5TW,17.2,322.85,19.14,61.95,16.43,148,2545.6,5612.26,3066.66
20250504,5/4/2025,189958,31,20,15,1,6,5,25,PUN_MH_411001,ORDFT967,RCPT4JNLU,3,TXNBQQ7MU2,11.79,862.73,37.32,72.62,26.33,363.05,4280.36,10233.22,5952.86
20250513,5/13/2025,42882,4,12,76,2,6,3,13,GUW_AS_781001,ORDAIFTQ,RCPTLQGKG,1,TXN1K6V69G,17.25,225.84,45.09,37.19,0.12,364.22,6282.8,3887.96,-2394.84
20250515,5/15/2025,226535,5,8,49,3,7,4,7,AHM_GJ_380001,ORDDZIHJ,RCPTS8KAS,5,TXNJ98S88X,14.75,509.62,31.76,22.01,6.87,153.82,2268.84,7514.02,5245.18
20250515,5/15/2025,20762,44,11,3,2,10,4,10,DEL_DL_110001,ORDOM02X,RCPTH18HS,2,TXNZ4XP3X3,11.78,885.88,8.21,32.26,14.59,420.38,4952.08,10474.31,5522.23
20250516,5/16/2025,168175,35,7,84,2,10,4,11,JAI_RJ_302001,ORD0VKJW,RCPT7MY9J,2,TXNWE900PW,6.49,844.06,42.7,14.13,20.15,125.43,814.04,5469.53,4655.49
20250517,5/17/2025,10987,47,1,67,4,2,2,25,BHO_MP_462001,ORDMUOXA,RCPTYP7ER,2,TXNGDML44F,5.83,791.92,25.93,25.94,9.45,192.51,1122.33,4626.35,3504.02
20250522,5/22/2025,5357,10,6,19,3,7,1,14,KOL_WB_700001,ORDK6VNY,RCPTRZUEZ,4,TXNIZO198A,5.65,739.46,26.75,17.17,6.76,381.12,2153.33,4175.13,2021.8
20250524,5/24/2025,176229,42,14,20,3,10,1,15,COI_TN_641001,ORD562LT,RCPT0JXNO,1,TXN4N8E9SN,7.13,338.4,32,41.25,6.25,190.53,1358.48,2428.29,1069.81
20250529,5/29/2025,219283,6,18,26,3,4,3,15,NAG_MH_440001,ORDUMMH1,RCPTQY6W4,2,TXNC69TAGC,3.85,903.5,6.12,44.91,6.77,67.87,261.3,3524.03,3262.73
20250531,5/31/2025,223850,45,10,1,1,4,4,21,GUW_AS_781001,ORD735TO,RCPTVYSV4,5,TXNGHNC0RB,15.87,250.27,38.58,93.6,7.57,223.45,3546.15,4034.37,488.22
20250605,6/5/2025,83497,12,10,22,3,1,1,10,DC_SRI_AP_517501,ORDN8SFJ,RCPTI52BC,1,TXN4ZJ4SUD,2.27,529.66,19.59,89.97,27.53,63.66,144.51,1300.24,1155.73
20250605,6/5/2025,147867,43,8,4,4,6,3,18,BHO_MP_462001,ORD7BSM4,RCPTGISHV,2,TXNOR61LSB,15.01,362.47,14.64,78.39,4.16,427.91,6422.93,5508.58,-914.35
20250607,6/7/2025,228983,50,3,60,4,1,4,8,DC_BHI_MH_400615,ORDZQYUJ,RCPTX6LQM,5,TXN49I5RCU,4.87,229.48,36.43,16.42,16.61,415.56,2023.78,1114.17,-909.61
20250607,6/7/2025,121781,35,19,14,3,6,1,7,LKO_UP_226001,ORDVCC12,RCPTYR567,3,TXNQZCMIXR,5.13,985.88,48.05,10.92,1.71,285.85,1466.41,5022.14,3555.73
20250612,6/12/2025,43455,23,1,7,4,4,4,9,LKO_UP_226001,ORDCK74S,RCPTREKCI,2,TXN0IBF17V,17.34,572.4,21.17,11.98,29.98,341.73,5925.6,9946.21,4020.61
20250613,6/13/2025,81135,46,17,58,4,3,1,8,HYD_TS_500001,ORD81NV4,RCPTXKCH9,2,TXNRNKXHO7,3.74,985.19,6.31,87.44,13.35,286.13,1070.13,3779.09,2708.96
20250614,6/14/2025,139105,1,4,2,1,5,4,30,HYD_TS_500001,ORDUEMAU,RCPTYROWI,5,TXNY6L98EK,12.34,246.22,2.54,51.55,23.5,342.06,4221.02,3110.86,-1110.16
20250623,6/23/2025,182877,19,2,77,2,5,4,9,BLR_KA_560001,ORDK1R2B,RCPTV8FD7,2,TXN46N4LHO,5.3,913.36,26.64,92.08,16.96,109.17,578.6,4923.21,4344.61
20250626,6/26/2025,81944,6,13,23,2,9,1,19,BLR_KA_560001,ORD4WY4W,RCPTZ4HSS,2,TXNG6H9STM,1.98,802.58,20.84,74.74,18.1,322.13,637.82,1661.11,1023.29
20250627,6/27/2025,183276,28,3,43,4,3,2,6,NAG_MH_440001,ORD93IZ7,RCPTI5USS,3,TXN1WP70BF,18.86,762,16.81,68.65,12.48,242.26,4569.02,14435.64,9866.62
20250627,6/27/2025,47741,23,17,39,1,7,2,6,AHM_GJ_380001,ORDNOS8P,RCPT2O2S9,4,TXNUT2VCD1,1.41,973.76,45.3,67.68,29.95,387.06,545.75,1425.33,879.58
20250629,6/29/2025,202434,31,10,83,4,6,5,15,GUW_AS_781001,ORD12UKK,RCPTNQV1Z,5,TXNIBZBYDC,9.99,702.98,30.39,90.64,1.94,170.25,1700.8,7084.96,5384.16
20250702,7/2/2025,209551,15,8,22,4,3,2,12,CHN_TN_600001,ORDAI0SC,RCPTSDQ39,5,TXNY3HB097,7.81,178.52,6.95,81.8,6.16,338.9,2646.81,1475.25,-1171.56
20250704,7/4/2025,112838,9,6,82,2,5,4,16,DEL_DL_110001,ORDWLCA5,RCPT8648F,1,TXNVZR4OYV,6.25,163.14,21.85,86.99,25.17,330.21,2063.81,1109.93,-953.88
20250712,7/12/2025,67528,23,2,86,3,10,1,5,IND_MP_452001,ORD7PYVG,RCPTDT7HB,3,TXN9IT6Y8P,12.19,132.59,41.92,52.06,13.56,444.22,5415.04,1639.97,-3775.07
20250716,7/16/2025,151482,2,9,29,1,9,2,8,AHM_GJ_380001,ORD3763K,RCPT9AWYU,5,TXNSVYDB6L,3.49,804.76,29.35,76.44,28.65,383.54,1338.55,2884.35,1545.8
20250716,7/16/2025,75222,12,9,84,3,5,5,18,DC_BHI_MH_400615,ORDA9Z3O,RCPT2QREY,5,TXN426Q148,14.31,991.05,36.58,43.55,10.29,276.4,3955.28,14199.19,10243.91
20250717,7/17/2025,182502,37,20,43,4,1,2,21,BHO_MP_462001,ORDSZKKM,RCPTXVX9C,2,TXNS76QKRD,19.95,540.41,42.43,77.21,16.63,290.79,5801.26,10832.59,5031.33
20250717,7/17/2025,85506,25,15,40,3,3,3,21,AHM_GJ_380001,ORDPONJH,RCPT9QD0T,3,TXNMOQF9U6,17.45,667.64,44.04,28.58,24.08,182.92,3191.95,11658.94,8466.99
20250723,7/23/2025,225790,4,4,75,3,4,1,5,DC_BHI_MH_400615,ORD2VXUZ,RCPTX3Y2J,5,TXN8BNLRUX,6.81,387.77,37.32,70.43,20.08,388.47,2645.48,2693.9,48.42
20250723,7/23/2025,51244,25,15,86,2,7,4,2,CHN_TN_600001,ORDMH3OA,RCPTZCIHE,3,TXNYWKZQ6I,17.6,678.14,5.45,47.38,7.21,303.6,5343.36,11984.4,6641.04
20250725,7/25/2025,207201,33,2,3,1,2,1,4,DC_SRI_AP_517501,ORDNZBUM,RCPTZG31A,2,TXN70DY105,4.55,418,32.49,25.57,3.2,453.93,2065.38,1898.18,-167.2
20250726,7/26/2025,191731,40,17,26,3,7,4,8,PUN_MH_411001,ORDTQ6N4,RCPTIJHJV,4,TXNR2Z95K6,1.7,776.69,15.23,67.6,7.19,79.9,135.83,1379.93,1244.1
20250728,7/28/2025,54513,48,7,49,4,6,4,10,VIS_AP_530001,ORDLMIQU,RCPTUS5EN,3,TXNB0BRZMC,4.86,485.76,42.06,99.4,15.61,135.33,657.7,2433.74,1776.04
20250729,7/29/2025,81042,26,16,60,4,1,1,5,GUW_AS_781001,ORD8FWVL,RCPTED1ZY,3,TXNI7NK6IC,16.92,879.77,24.84,80.95,19.93,274.74,4648.6,14961.75,10313.15
20250801,8/1/2025,82943,9,7,35,2,10,5,8,HYD_TS_500001,ORDAUBWP,RCPT8TI9N,1,TXNV7965K3,6.35,696.77,44.84,26.31,23.41,456.27,2897.31,4429.37,1532.06
20250806,8/6/2025,40792,24,20,70,2,9,2,15,COI_TN_641001,ORDFN8BU,RCPTX6XPJ,1,TXNSVB2XLN,12.56,451.21,36.58,83.56,3.74,149.48,1877.47,5717.92,3840.45
20250807,8/7/2025,32911,28,14,23,2,6,1,7,DC_BHI_MH_400615,ORDPY8JX,RCPT1UHF8,2,TXN582YC4S,3.71,249.79,42.95,65.52,27.6,119.32,442.68,976.89,534.21
20250810,8/10/2025,187199,28,2,91,4,8,4,6,COI_TN_641001,ORD1C2XB,RCPT8Y8P3,1,TXNVWIRNQN,10.17,221.28,14.75,76.29,4.51,337.5,3432.38,2316.47,-1115.91
20250811,8/11/2025,113632,15,4,73,1,6,1,19,GUW_AS_781001,ORDD1E6Z,RCPTHSQIN,1,TXNTXB6F3O,8.48,167.92,46.06,69.62,2.51,286.09,2426.04,1450.03,-976.01
20250813,8/13/2025,151678,13,20,85,2,8,1,24,MUM_MH_400001,ORDDH4ED,RCPT5ZMOP,3,TXNXKO01CC,6.52,161.6,23.05,85.68,19.28,64.21,418.65,1135.54,716.89
20250815,8/15/2025,3726,45,13,70,1,1,5,8,DC_FAR_HR_121001,ORDD1YLI,RCPTKBLJ7,4,TXN7HOS5KU,10.13,191.21,24.49,17.69,16.83,359.98,3646.6,1946.99,-1699.61
20250818,8/18/2025,22472,42,19,67,2,8,3,29,GUW_AS_781001,ORDVJB8W,RCPT8VPJ0,2,TXNOHUGEB1,16.01,921.96,37.22,96.31,21.32,288.21,4614.24,14840.99,10226.75
20250820,8/20/2025,55463,9,6,53,2,6,5,29,CHN_TN_600001,ORDYDJD8,RCPT5V6VG,4,TXN8LKKUV4,10.46,199.03,0.31,17.79,24.49,379.23,3966.75,2123.82,-1842.93
20250824,8/24/2025,87806,2,3,96,2,6,1,16,NAG_MH_440001,ORD0T3J6,RCPTTZ4OG,1,TXNR6CUGDJ,7.78,228.48,9.63,78.98,29.9,387.39,3013.89,1876.82,-1137.07
20250908,9/8/2025,154237,41,3,24,3,3,4,1,AHM_GJ_380001,ORDXCG4G,RCPTI9R5E,4,TXN2FAAR6W,11.84,116.79,45.42,80.38,11.51,374.77,4437.28,1429.26,-3008.02
20250909,9/9/2025,204469,50,8,43,3,7,3,4,VIS_AP_530001,ORDTO5CW,RCPTREIPR,4,TXN1M6QB4E,4.23,611.57,40.69,7.6,4.5,424.03,1793.65,2558.35,764.7
20250911,9/11/2025,57833,34,5,91,3,7,4,3,DC_FAR_HR_121001,ORDIXZCR,RCPT409WU,1,TXN5ROHFB6,2.11,725.23,49.76,76.03,27.37,460.95,972.6,1583.88,611.28
20250912,9/12/2025,208734,39,12,25,1,9,5,3,HYD_TS_500001,ORDVCQDI,RCPT31VSE,3,TXNO6JMMKB,5.62,474.68,29.92,73.83,27.32,184.88,1039.03,2738.93,1699.9
20250914,9/14/2025,30604,50,3,33,3,1,4,4,CHN_TN_600001,ORDQ6ZDW,RCPTMWW1L,5,TXNPEFC1ZK,16.57,408.34,16.32,82.43,14.98,439.42,7281.19,6847.28,-433.91
20250915,9/15/2025,131833,27,2,37,3,5,1,11,LKO_UP_226001,ORDQZV14,RCPTKBZZY,4,TXNR48ZWHJ,3.18,162.7,29.04,83.52,25.26,135.49,430.86,597.13,166.27
20250920,9/20/2025,111156,17,1,10,3,2,1,10,COI_TN_641001,ORDCRX6Z,RCPTW1I3A,1,TXNWCSB1FM,7.63,801.96,46.63,40.67,2.06,239.22,1825.25,6115.05,4289.8
20250924,9/24/2025,141313,34,10,54,2,5,2,29,BHO_MP_462001,ORDM17JF,RCPTBP3K8,1,TXN6R867AF,6.8,644.68,41.5,43.62,23.01,258.51,1757.87,4408.95,2651.08
20250926,9/26/2025,218119,2,5,48,4,9,4,28,AHM_GJ_380001,ORDDX20X,RCPTNW86B,2,TXNWKZW9HC,18.73,451.07,40.78,58.39,21.5,85.99,1610.59,8487.65,6877.06
20250927,9/27/2025,148254,37,19,36,1,8,4,28,MUM_MH_400001,ORD8Z475,RCPTKVEVJ,3,TXN7QJQKMM,19.53,513.68,37.62,39.31,28.54,414.2,8089.33,10062.4,1973.07
20251004,10/4/2025,231063,27,2,36,3,6,5,18,PUN_MH_411001,ORDOGRRO,RCPTFY2YL,5,TXNDCU7ATD,11.54,653.21,14.43,69.41,5.4,388.97,4488.71,7598.42,3109.71
20251008,10/8/2025,150327,4,15,56,2,2,2,11,NAG_MH_440001,ORDUQQBQ,RCPTPK748,1,TXN6CCIMTI,8.68,950.46,10.35,29.43,29.33,446.67,3877.1,8298.4,4421.3
20251009,10/9/2025,46898,20,19,83,2,3,1,16,IND_MP_452001,ORDPPRBN,RCPTAA79P,4,TXNRV6GEZ5,1.09,566.79,19.8,42.04,2.01,331.49,361.32,642.05,280.73
20251015,10/15/2025,3841,22,12,32,2,3,3,4,DEL_DL_110001,ORD6Q5RJ,RCPT64C28,3,TXNW40NA2K,17.01,108.29,42.13,79.59,2.83,187.1,3182.57,1882.3,-1300.27
20251016,10/16/2025,20362,22,12,90,2,4,2,23,NAG_MH_440001,ORD34FNC,RCPTE247F,4,TXNC7OU7OJ,11.35,133.68,37.64,90.71,6.66,106.12,1204.46,1577,372.54
20251017,10/17/2025,191421,19,13,42,3,5,4,4,DC_SRI_AP_517501,ORD16EIK,RCPTHM0TP,1,TXN6924U0Q,17.72,820.97,5,47.35,25.94,177.69,3148.67,14615.88,11467.21
20251018,10/18/2025,144700,27,7,59,1,10,3,12,DEL_DL_110001,ORDD0UH5,RCPT6V15X,1,TXNP5IP77A,19.33,463.89,46.54,32.82,7.31,269.09,5201.51,8960.58,3759.07
20251021,10/21/2025,178541,8,14,33,3,2,4,7,DEL_DL_110001,ORD2FBXN,RCPTFAAEW,4,TXNOA35OR7,5.46,237.4,19.76,48.06,28.39,462.35,2524.43,1352.89,-1171.54
20251024,10/24/2025,30709,49,11,29,3,10,2,25,HYD_TS_500001,ORD7BE7Z,RCPTUHT9N,5,TXNN6846US,3.31,452.26,49.28,71.99,29.52,335.84,1111.63,1549.21,437.58
20251025,10/25/2025,45655,6,11,4,3,3,3,5,JAI_RJ_302001,ORDGCQ4L,RCPTY04HF,3,TXN5TK1XZJ,1.93,592.29,20.76,45.62,28.71,375.6,724.91,1196.69,471.78
20251026,10/26/2025,58211,29,9,61,3,7,3,11,LKO_UP_226001,ORDZSW78,RCPTDURNP,2,TXNM1SMHUJ,18.58,395.81,35.03,12.18,10.76,413.87,7689.7,7342.06,-347.64
20251029,10/29/2025,34746,33,2,13,4,8,5,6,NAG_MH_440001,ORD6CM0Q,RCPT8IC5P,2,TXN2E6CG9T,9.62,242.82,34.3,53.83,14.56,81.88,787.69,2370.02,1582.33
20251030,10/30/2025,68873,42,16,10,4,5,4,7,DC_FAR_HR_121001,ORD7IJ05,RCPTLDWG3,5,TXNE1MC035,9.56,508.47,20.78,72.03,26.34,184.27,1761.62,4938.56,3176.94
20251030,10/30/2025,148445,20,4,56,1,10,2,5,PUN_MH_411001,ORDXA8WS,RCPT56LKN,2,TXN8OEK8C6,12.71,628.65,44.62,49.07,24.01,300.55,3819.99,8018.6,4198.61
20251105,11/5/2025,133086,10,7,71,3,7,5,11,DC_BHI_MH_400615,ORD8F31H,RCPTW8E1T,2,TXNY1O3K79,11.21,977.32,12.95,70.54,29.57,140.19,1571.53,11042.92,9471.39
20251107,11/7/2025,183576,35,12,81,4,6,5,5,VIS_AP_530001,ORD2443B,RCPTOG295,3,TXNKR3FYBU,5.82,965.6,0.67,42.64,19.71,73.92,430.21,5681.47,5251.26
20251108,11/8/2025,225183,22,18,28,1,9,1,21,LKO_UP_226001,ORDTELLN,RCPTHF2XI,5,TXNAUABHN7,11.03,424.88,36.8,65.56,5.42,451.88,4984.24,4720.61,-263.63
20251112,11/12/2025,89983,15,9,11,1,4,2,24,NAG_MH_440001,ORDA5UIY,RCPT46AGY,3,TXNEH94YJ5,9.23,102.33,14.09,19.14,1.47,429.48,3964.1,951.03,-3013.07
20251113,11/13/2025,209152,38,5,25,1,2,2,10,JAI_RJ_302001,ORD9K2WF,RCPTF5DUA,3,TXNPN07RNY,15.03,224.67,24.23,23.07,12.2,488.15,7336.89,3387.83,-3949.06
20251115,11/15/2025,172418,26,8,31,4,2,5,6,BLR_KA_560001,ORDDNFSQ,RCPTG67AH,1,TXND6GPCZU,13.53,899.57,30.67,82.81,0.97,270.53,3660.27,12224.29,8564.02
20251117,11/17/2025,12822,39,7,86,1,8,4,23,IND_MP_452001,ORDTNHWJ,RCPTPO6EF,1,TXNU8B45ZR,15.35,876.9,14.86,25.17,12.74,137.01,2103.1,13483.46,11380.36
20251118,11/18/2025,138825,33,6,15,1,9,4,12,LKO_UP_226001,ORDCY1Y9,RCPTGIXU3,3,TXNB5ORY6P,18.23,902.09,42.41,15.34,26.7,75.07,1368.53,16444.73,15076.2
20251118,11/18/2025,234009,8,7,89,2,10,2,21,BHO_MP_462001,ORDP2ENV,RCPTL59X0,3,TXNNCIOLR8,14.96,928.2,46.69,75.8,15.26,419.74,6279.31,13930.24,7650.93
20251121,11/21/2025,184211,9,20,30,2,3,3,2,BHO_MP_462001,ORDP7YUP,RCPTWR9SW,3,TXNPHU2CKA,17.81,783.12,4.53,47.99,4.29,221,3936.01,13995.12,10059.11
20251122,11/22/2025,200712,1,11,43,4,9,5,28,BHO_MP_462001,ORDK1L3J,RCPT7HWWY,3,TXNRI5FW0N,16.84,787.67,30.38,35.66,10.62,452.32,7617.07,13280.26,5663.19
20251124,11/24/2025,41641,26,12,94,1,2,1,12,DC_SRI_AP_517501,ORD1XIA5,RCPTBRHKJ,1,TXNM6XSRKX,17.69,456.36,39.65,48.15,25.91,405.43,7172.06,8107.42,935.36
20251125,11/25/2025,223255,50,18,66,4,4,2,5,BLR_KA_560001,ORDNEBQ7,RCPTW9RTR,2,TXNN6FGG7A,13.2,541.68,48.54,80.3,12.55,205.02,2706.26,7194.49,4488.23
20251125,11/25/2025,169807,30,13,44,1,2,3,2,DC_SRI_AP_517501,ORDAM1JH,RCPT8856P,5,TXN30VDOK1,12.37,197.6,47.32,25.37,29.77,183.01,2263.83,2452.13,188.3
20251126,11/26/2025,202843,40,12,61,1,8,1,29,COI_TN_641001,ORDZHPZF,RCPT56T3P,2,TXNWMKKH9N,5.07,981.01,32.94,20.11,15.42,191.78,972.32,4976.31,4003.99
20251128,11/28/2025,163280,27,17,91,2,5,1,27,BHO_MP_462001,ORD073U8,RCPT9P83A,2,TXN38JQYZU,18.84,814.89,22.22,43.19,29.79,159.66,3007.99,15403.29,12395.3
20251202,12/2/2025,47839,26,15,97,1,1,2,4,MUM_MH_400001,ORDQ3MXG,RCPTK21UE,3,TXNQQN5Y2W,10.39,463.24,40.56,37.83,11.5,120.59,1252.93,4821.83,3568.9
20251202,12/2/2025,215734,38,20,85,1,5,1,15,PUN_MH_411001,ORD0YPPY,RCPTAAF8F,3,TXNFTQ3O9C,10.52,740.04,20.19,46.58,29.69,214.36,2255.07,7841.3,5586.23
20251203,12/3/2025,113992,37,12,84,4,8,4,8,DEL_DL_110001,ORDES3WF,RCPTFXJDA,2,TXNRIBXKP3,16.87,537.7,11.87,70.09,28.06,234.99,3964.28,9157.28,5193
20251205,12/5/2025,203600,3,4,12,3,8,4,23,KOL_WB_700001,ORDDSELY,RCPT9GTW7,4,TXN6UG9D0P,15.47,900.35,22.74,14.63,12.21,221.32,3423.82,13932.51,10508.69
20251208,12/8/2025,219257,13,17,73,3,6,4,22,AHM_GJ_380001,ORDHVBXX,RCPTQOLGZ,4,TXNJ7E2KGT,16.25,417.1,17.2,73.88,17.15,473.42,7693.07,6851.7,-841.37
20251212,12/12/2025,233665,17,4,62,3,10,1,6,GUW_AS_781001,ORDMVCJ0,RCPTHZSD2,4,TXNW2WYYKH,1.06,599.16,44.8,9.22,27.6,154.94,164.24,627.13,462.89
20251212,12/12/2025,116651,36,4,97,3,8,5,25,AHM_GJ_380001,ORDCZJM3,RCPTBQJRG,3,TXN77X7J6M,7.27,359.01,37.86,98.93,7.7,259.91,1889.55,2678.77,789.22
20251214,12/14/2025,183924,18,19,89,1,10,1,14,DEL_DL_110001,ORD88X9K,RCPT44EWD,2,TXNH26WF4P,14.99,353.35,33.3,26.81,23.33,72.65,1089.02,5313.56,4224.54
20251221,12/21/2025,61529,13,11,32,4,1,5,4,COI_TN_641001,ORDNKXTO,RCPTVNEFD,4,TXN83TL1RW,4.21,162.72,34.78,14.19,14.83,207.22,872.4,679.29,-193.11
20251221,12/21/2025,148787,42,7,8,2,7,2,20,LKO_UP_226001,ORD5VLYZ,RCPTESIY9,5,TXNL4XM8OM,10.01,671.86,36.29,46.65,24.53,432.48,4329.12,6760.21,2431.09
20251223,12/23/2025,27390,15,9,91,4,1,2,27,HYD_TS_500001,ORDOVOL7,RCPTF8RVK,1,TXNG6Y9KHM,13.99,492.25,45.75,80.95,18.8,360.53,5043.81,6940.58,1896.77
20251226,12/26/2025,63722,35,18,11,3,1,4,10,DC_FAR_HR_121001,ORDEQQ4H,RCPTLAD01,5,TXNJ1XYNGF,15.1,282.62,36.62,47.56,29.51,79.14,1195.01,4308.01,3113
20251226,12/26/2025,68502,39,16,28,1,8,2,28,DC_FAR_HR_121001,ORD9MJPO,RCPTQYPTV,1,TXNSQOHU1H,13.52,208.43,27.55,63.8,9.22,405.01,5475.74,2863.44,-2612.3
20251227,12/27/2025,102282,36,6,72,1,9,3,24,BHO_MP_462001,ORDLBDT5,RCPTOZDM0,2,TXNK7TIXUX,7.87,900.48,25.71,18.58,26.94,130.33,1025.7,7106.59,6080.89
20251229,12/29/2025,75980,27,10,73,1,1,3,20,LKO_UP_226001,ORD8GWDW,RCPTA8PM8,2,TXNATWVQFH,17.67,723.46,41.58,34.34,18.05,402.15,7105.99,12794.35,5688.36
